StartDate,EndDate,Status,IPAddress,Progress,Duration (in seconds),Finished,RecordedDate,ResponseId,RecipientLastName,RecipientFirstName,RecipientEmail,ExternalReference,LocationLatitude,LocationLongitude,DistributionChannel,UserLanguage,Q31_First Click,Q31_Last Click,Q31_Page Submit,Q31_Click Count,,Q36_First Click,Q36_Last Click,Q36_Page Submit,Q36_Click Count,dv_willingness,med_trust,med_trustworthy,med_safe,check_inequality,general_familarity,general_attitudes,econ,econ_inequality,gender,age,edu,income,social_class,ideology_1,affiliation,hispanic,ethinicity,mTurkCode,inequality_des,inequality
12/12/22 12:49,12/12/22 12:50,0,173.218.18.203,100,106,1,12/12/22 12:50,R_BFbAvGl2xQE7IMF,,,,,35.7767,-90.7694,anonymous,EN,0,0,14.154,0,,1.469,1.469,22.571,1,2,5,5,5,4,5,3,3,3,2,40,5,5,3,3,1,2,1,163584786,low,0
12/12/22 12:48,12/12/22 12:50,0,24.91.180.31,100,143,1,12/12/22 12:50,R_ALJSH1LalhC17Nf,,,,,42.1177,-72.6445,anonymous,EN,0,0,43.042,0,,0.751,0.751,29.912,1,4,4,4,4,7,5,1,2,3,2,43,6,3,2,7,2,2,1,366217513,low,0
12/12/22 12:48,12/12/22 12:51,0,38.95.237.121,100,146,1,12/12/22 12:51,R_3hazcGoKXUhK4nk,,,,,35.3584,-120.2596,anonymous,EN,16.36,18.12,19.372,3,,16.369,27.864,55.33,2,7,7,7,7,2,7,7,3,3,1,35,5,4,1,5,2,1,,968291468,low,0
12/12/22 12:49,12/12/22 12:51,0,75.91.44.208,100,115,1,12/12/22 12:51,R_eyOR3xNLdjUsX2p,,,,,34.5875,-83.753,anonymous,EN,0,0,15.568,0,,0.906,1.405,37.762,2,5,6,6,6,3,6,6,3,3,1,27,5,7,3,3,1,2,1,519108469,high,1
12/12/22 12:49,12/12/22 12:51,0,209.122.250.74,100,114,1,12/12/22 12:51,R_3R1Tt8uaeIvHdbR,,,,,40.7428,-73.9712,anonymous,EN,1.601,1.601,12.769,1,,0.984,0.984,24.45,1,3,4,5,5,2,4,5,2,2,1,40,6,10,3,6,2,2,4,636367263,low,0
12/12/22 12:49,12/12/22 12:51,0,130.44.246.158,100,112,1,12/12/22 12:51,R_1PRcrCX1ZRpexW4,,,,,43.2678,-82.8243,anonymous,EN,15.213,15.213,21.056,1,,1.181,1.181,28.6,1,1,1,4,1,4,2,4,3,3,1,42,3,7,3,4,4,2,1,990833967,high,1
12/12/22 12:49,12/12/22 12:51,0,47.33.59.254,100,133,1,12/12/22 12:51,R_2Btb3qEtwmbP94q,,,,,39.5449,-119.7572,anonymous,EN,0,0,22.591,0,,1.203,1.203,40.648,1,5,4,4,4,6,7,5,3,3,1,32,3,1,1,4,3,2,2,276891054,high,1
12/12/22 12:49,12/12/22 12:51,0,67.149.145.170,100,116,1,12/12/22 12:51,R_2dAMKwa5VP7NvSt,,,,,42.558,-82.998,anonymous,EN,13.584,14.375,14.896,2,,0.684,4.899,44.273,2,4,3,4,4,5,4,3,3,3,2,28,4,5,3,6,2,2,1,743569289,low,0
12/12/22 12:49,12/12/22 12:51,0,73.63.95.29,100,122,1,12/12/22 12:51,R_2YzXeuVlD5s4nyS,,,,,40.5672,-111.864,anonymous,EN,0,0,23.693,0,,1.287,1.287,15.037,1,7,4,4,4,6,7,7,5,4,2,38,5,11,3,2,1,2,1,850180049,high,1
12/12/22 12:49,12/12/22 12:51,0,73.39.172.155,100,132,1,12/12/22 12:51,R_3MlBqJmUnWeMoDy,,,,,38.9994,-77.0336,anonymous,EN,0,0,11.317,0,,0.568,43.04,46.012,5,5,5,5,5,3,7,7,2,3,2,30,7,12,4,7,2,2,4,562461060,low,0
12/12/22 12:49,12/12/22 12:51,0,67.86.176.84,100,130,1,12/12/22 12:51,R_3e9MVkyCYrLzlbZ,,,,,40.1065,-74.0686,anonymous,EN,1.684,16.58,18.416,7,,1.069,1.672,41.615,2,6,6,6,7,5,7,7,4,3,1,50,6,12,5,1,1,2,1,600297900,high,1
12/12/22 12:49,12/12/22 12:51,0,104.49.245.128,100,141,1,12/12/22 12:51,R_3Dpv8Lq06kFQC95,,,,,38.22,-85.6942,anonymous,EN,5.279,16.012,19.333,4,,0.903,0.903,46.438,1,7,6,6,4,7,7,5,5,5,2,43,5,6,2,7,2,2,1,725196672,high,1
12/12/22 12:49,12/12/22 12:51,0,67.189.129.240,100,128,1,12/12/22 12:51,R_2dMHNvRK0pFUUsG,,,,,41.4098,-73.59,anonymous,EN,0,0,16.305,0,,1.109,17.626,35.733,2,1,1,1,1,4,6,1,4,4,1,35,5,6,2,4,3,2,6,567076266,low,0
12/12/22 12:49,12/12/22 12:52,0,165.225.9.102,100,134,1,12/12/22 12:52,R_agw8avtyOrosDO9,,,,,39.2124,-76.8776,anonymous,EN,11.553,11.553,18.273,1,,1.309,1.309,35.729,1,5,5,5,6,2,7,4,4,3,1,29,5,8,2,6,2,2,1,263937755,low,0
12/12/22 12:49,12/12/22 12:52,0,174.84.35.123,100,173,1,12/12/22 12:52,R_1JPZVpHOmH28ggn,,,,,43.6381,-84.2029,anonymous,EN,0.985,7.922,37.742,2,,1.684,1.684,31.624,1,4,3,3,4,3,3,4,5,5,1,43,2,4,1,3,1,2,1,857941121,low,0
12/12/22 12:48,12/12/22 12:52,0,70.162.25.201,100,214,1,12/12/22 12:52,R_2WAqiFuxDNoIF88,,,,,31.9455,-110.9973,anonymous,EN,0,0,43.928,0,,2.473,2.473,52.52,1,6,4,4,5,6,3,4,4,3,1,45,5,9,3,4,3,2,1,39447163,high,1
12/12/22 12:49,12/12/22 12:52,0,24.177.99.69,100,155,1,12/12/22 12:52,R_1dKaYXAOg2nMcfo,,,,,44.297,-93.2869,anonymous,EN,0,0,29.341,0,,1.372,1.372,36.773,1,4,5,5,5,3,6,1,4,4,1,32,3,4,2,7,2,2,1,690781779,low,0
12/12/22 12:50,12/12/22 12:52,0,98.202.42.240,100,97,1,12/12/22 12:52,R_1gNPkpPHuWuE0eg,,,,,41.1696,-111.9818,anonymous,EN,1.144,5.308,11.647,4,,0.99,27.307,31.147,4,4,4,4,5,1,7,7,2,3,1,30,3,4,2,7,2,2,1,120910347,low,0
12/12/22 12:49,12/12/22 12:52,0,99.25.96.104,100,166,1,12/12/22 12:52,R_bIZl5h391eFQ4mJ,,,,,41.3704,-81.8587,anonymous,EN,0,0,29.63,0,,2.9,42.896,47.341,2,6,7,7,6,3,7,5,3,3,4,49,7,5,3,4,4,2,4,629262278,low,0
12/12/22 12:49,12/12/22 12:52,0,73.125.186.114,100,162,1,12/12/22 12:52,R_AMQswcM6fhVYOXv,,,,,26.0703,-80.2248,anonymous,EN,1.375,1.375,11.107,1,,13.482,13.482,26.12,1,3,3,4,3,2,2,5,4,4,1,34,5,6,2,2,1,2,1,640625030,low,0
12/12/22 12:49,12/12/22 12:52,0,47.220.74.162,100,160,1,12/12/22 12:52,R_2ccMi6sEigCZeKt,,,,,30.3217,-95.5285,anonymous,EN,0,0,28.646,0,,1.432,1.432,20.976,1,5,4,4,3,5,6,5,2,2,2,39,5,10,3,2,1,2,1,202572091,high,1
12/12/22 12:50,12/12/22 12:52,0,174.101.36.103,100,111,1,12/12/22 12:52,R_2teYBKqrNLwR0Nh,,,,,39.4522,-83.841,anonymous,EN,0.68,25.816,30.568,12,,0.7,21.6,21.841,3,4,4,4,5,6,5,6,3,3,1,33,2,5,2,5,3,2,1,172212707,high,1
12/12/22 12:49,12/12/22 12:52,0,74.195.229.44,100,182,1,12/12/22 12:52,R_5dq3TIr6pQbzM1H,,,,,36.1369,-97.0631,anonymous,EN,0,0,11.389,0,,0.683,11.213,11.492,3,2,1,1,1,5,3,3,1,1,1,34,5,2,2,7,2,2,5,626303409,high,1
12/12/22 12:49,12/12/22 12:52,0,76.181.235.29,100,185,1,12/12/22 12:52,R_1K2rmC2O1c8aw21,,,,,40.0207,-82.8115,anonymous,EN,12.305,12.305,13.402,1,,1.41,55.986,56.979,6,4,2,2,2,7,7,3,3,3,1,28,3,3,1,7,2,2,2,988422397,high,1
12/12/22 12:49,12/12/22 12:52,0,24.61.250.106,100,195,1,12/12/22 12:52,R_TbIGOeOILx7V5lf,,,,,41.3723,-72.5749,anonymous,EN,0,0,35.409,0,,2.202,2.202,15.251,1,5,6,6,5,6,7,7,3,3,2,41,2,6,2,3,4,1,,493765028,high,1
12/12/22 12:50,12/12/22 12:52,0,107.4.76.53,100,122,1,12/12/22 12:52,R_1QzQgoxSFCQaBXY,,,,,43.0628,-83.629,anonymous,EN,2.557,6.407,14.819,4,,9.621,18.409,37.206,2,5,4,4,5,6,5,6,2,2,1,32,2,5,2,5,2,2,1,877302700,high,1
12/12/22 12:49,12/12/22 12:52,0,157.254.225.223,100,222,1,12/12/22 12:52,R_3rHPDlkAKleDquZ,,,,,40.8123,-73.9682,anonymous,EN,17.776,29.284,31.392,4,,1.984,1.984,59.528,1,7,6,6,5,5,7,7,5,5,1,28,5,9,2,6,2,2,2,541214045,low,0
12/12/22 12:49,12/12/22 12:53,0,100.15.115.72,100,211,1,12/12/22 12:53,R_przL1tcHRWuePnP,,,,,38.9965,-76.934,anonymous,EN,0,0,25.361,0,,1.095,85.762,86.903,4,4,4,4,4,5,5,4,2,2,1,30,3,3,1,7,2,2,1,454966273,low,0
12/12/22 12:49,12/12/22 12:53,0,173.184.22.48,100,195,1,12/12/22 12:53,R_eKCnfZaNMhOnLcl,,,,,40.0732,-82.4017,anonymous,EN,0,0,45.148,0,,0.705,0.705,22.019,1,7,5,5,5,7,6,5,2,2,2,41,5,6,3,5,3,2,1,848316656,high,1
12/12/22 12:50,12/12/22 12:53,0,76.190.233.198,100,160,1,12/12/22 12:53,R_1rqSw1hW6REkiau,,,,,41.2307,-80.4539,anonymous,EN,2.997,7.524,46.383,3,,1.641,1.641,15.675,1,4,5,5,5,3,5,5,4,4,2,46,2,3,2,3,1,2,1,799632100,low,0
12/12/22 12:49,12/12/22 12:53,0,107.5.1.132,100,231,1,12/12/22 12:53,R_2zCOtLc8HPnU6PV,,,,,42.6442,-82.8985,anonymous,EN,11.143,37.613,38.619,4,,1.995,1.995,77.955,1,6,6,6,5,7,7,5,2,3,2,54,3,6,2,6,2,2,1,652900649,high,1
12/12/22 12:50,12/12/22 12:53,0,71.28.123.4,100,184,1,12/12/22 12:53,R_pztnmUHDnWzT5ZL,,,,,38.5382,-82.9213,anonymous,EN,0,0,27.564,0,,1.334,50.718,57.5,4,2,4,5,5,2,5,4,3,3,2,34,3,9,3,2,1,2,1,166288601,low,0
12/12/22 12:50,12/12/22 12:53,0,47.156.93.162,100,183,1,12/12/22 12:53,R_1GIkBZKq4sZUz7n,,,,,33.8308,-118.1125,anonymous,EN,0.542,28.273,29.337,2,,1.182,1.182,61.805,1,6,6,6,5,5,5,4,5,5,1,51,5,12,4,4,1,2,4,167728135,high,1
12/12/22 12:51,12/12/22 12:53,0,73.252.147.66,100,106,1,12/12/22 12:53,R_3PuAjxEyUdT1WNt,,,,,37.3417,-121.9753,anonymous,EN,0,0,11.954,0,,0.548,0.548,12.544,1,4,4,4,3,7,7,3,3,3,2,33,2,2,1,5,2,2,1,291946252,high,1
12/12/22 12:52,12/12/22 12:53,0,208.180.224.82,100,76,1,12/12/22 12:53,R_3fW61RCyNJWls6D,,,,,39.3888,-80.2834,anonymous,EN,0,0,12.647,0,,0.488,10.99,11.293,2,5,4,4,5,5,6,3,2,2,1,40,3,7,2,2,1,2,1,61895390,low,0
12/12/22 12:48,12/12/22 12:53,0,73.156.230.152,100,295,1,12/12/22 12:53,R_qIOWFD7sLm5YfEB,,,,,26.2519,-81.7636,anonymous,EN,13.827,40.751,49.801,5,,0.972,70.038,70.945,2,4,7,7,7,1,7,7,4,4,1,62,6,4,3,6,3,2,1,988645578,low,0
12/12/22 12:49,12/12/22 12:53,0,66.61.36.106,100,251,1,12/12/22 12:53,R_1Kxppg2dJATjneS,,,,,41.3617,-82.2538,anonymous,EN,17.377,32.396,41.521,3,,1.294,87.974,91.04,8,7,5,5,5,7,2,5,3,3,2,68,3,2,2,6,2,2,1,650647973,high,1
12/12/22 12:52,12/12/22 12:53,0,104.231.97.46,100,87,1,12/12/22 12:53,R_28Ut72jgbwhw729,,,,,41.6868,-81.3399,anonymous,EN,0,0,10.978,0,,0.738,0.738,16.664,1,6,4,4,5,5,7,4,3,5,1,35,5,2,1,7,2,2,1,705159813,low,0
12/12/22 12:48,12/12/22 12:53,0,74.192.226.116,100,303,1,12/12/22 12:53,R_3Ma4LTmG1o6B2I7,,,,,32.749,-96.4629,anonymous,EN,0,0,29.385,0,,0.969,188.345,190.321,11,6,6,6,6,7,7,5,3,3,1,45,3,4,1,5,2,2,1,330581855,high,1
12/12/22 12:51,12/12/22 12:53,0,98.1.35.206,100,162,1,12/12/22 12:53,R_1GNu9oCQJMuUTpU,,,,,43.1612,-78.6946,anonymous,EN,0,0,22.501,0,,1.588,1.588,31.201,1,5,5,6,6,3,6,3,2,2,2,40,5,4,1,6,2,2,1,5504468,low,0
12/12/22 12:51,12/12/22 12:54,0,50.231.88.209,100,190,1,12/12/22 12:54,R_do2h3gRTtWJjLJD,,,,,40.7149,-73.9893,anonymous,EN,6.968,26.774,32.598,3,,14.347,40.506,46.068,3,6,6,7,7,1,6,7,5,4,2,22,6,6,,1,1,2,2,471085001,low,0
12/12/22 12:51,12/12/22 12:54,0,70.40.109.158,100,133,1,12/12/22 12:54,R_3KGSE2dvIU1yWSe,,,,,34.025,-78.1727,anonymous,EN,7.389,23.093,31.959,2,,1.615,1.615,31.696,1,3,4,4,5,5,6,5,2,3,2,34,3,6,1,7,2,2,1,484768529,high,1
12/12/22 12:49,12/12/22 12:54,0,71.172.8.44,100,278,1,12/12/22 12:54,R_26eCQDHvmq8NWA9,,,,,40.7182,-74.0476,anonymous,EN,1.291,17.569,18.701,4,,1.286,143.116,143.972,9,7,4,4,4,7,7,6,4,5,1,30,5,7,3,6,2,2,4,989237382,high,1
12/12/22 12:50,12/12/22 12:54,0,184.153.113.112,100,256,1,12/12/22 12:54,R_1rrhnINRdgfDnlA,,,,,40.7579,-73.9332,anonymous,EN,1.931,13.324,37.714,5,,0.505,94.264,98.719,7,3,5,5,6,2,4,3,2,3,2,44,5,7,2,7,2,1,,809116073,low,0
12/12/22 12:51,12/12/22 12:54,0,152.117.105.88,100,176,1,12/12/22 12:54,R_3HuZkGMFhJKimeI,,,,,41.54,-90.564,anonymous,EN,0,0,36.746,0,,1.052,1.052,40.472,1,4,5,5,5,2,5,5,5,5,1,70,5,6,3,6,2,2,1,835998316,low,0
12/12/22 12:51,12/12/22 12:54,0,173.19.175.75,100,170,1,12/12/22 12:54,R_2w52wAoQjfVffFS,,,,,30.671,-87.1737,anonymous,EN,13.805,17.725,23.468,2,,1.229,49.453,75.772,4,6,5,5,6,6,7,6,2,2,2,23,1,5,1,6,3,2,1,60056916,high,1
12/12/22 12:49,12/12/22 12:54,0,173.170.68.241,100,315,1,12/12/22 12:54,R_XOpZErNFh84oyUF,,,,,27.543,-82.5602,anonymous,EN,1.204,4.791,90.631,3,,0.758,61.286,67.401,10,4,4,4,5,5,6,4,3,3,1,64,5,2,3,1,3,2,1,988822364,high,1
12/12/22 12:52,12/12/22 12:54,0,74.139.186.134,100,117,1,12/12/22 12:54,R_2bHTOP4E8NWvEh2,,,,,38.269,-85.4934,anonymous,EN,3.501,10.216,11.134,5,,0.837,30.467,33.258,4,4,4,5,4,3,4,5,3,4,1,33,5,6,3,2,1,2,1,558383079,high,1
12/12/22 12:49,12/12/22 12:54,0,207.244.71.82,100,301,1,12/12/22 12:54,R_2c29TzvRvxNFtDD,,,,,39.6566,-75.5661,anonymous,EN,0,0,49.302,0,,75.536,75.536,109.954,1,6,5,6,6,2,5,6,4,4,1,30,5,6,3,6,2,2,2,686282443,high,1
12/12/22 12:52,12/12/22 12:54,0,208.207.190.111,100,153,1,12/12/22 12:54,R_BGk4oEuGOXJsl8J,,,,,40.7683,-73.9802,anonymous,EN,10.496,24.896,26.953,2,,31.894,31.894,34.439,1,7,6,6,6,4,7,7,5,5,1,35,4,5,3,2,2,2,1,686156493,high,1
12/12/22 12:51,12/12/22 12:54,0,99.101.171.111,100,176,1,12/12/22 12:54,R_2U58K1LZAHtAkFg,,,,,28.1404,-80.6514,anonymous,EN,0,0,28.195,0,,1.491,1.491,70.244,1,5,5,5,5,6,6,5,4,4,1,50,5,7,3,5,2,2,1,520832995,high,1
12/12/22 12:52,12/12/22 12:54,0,71.60.39.25,100,160,1,12/12/22 12:54,R_2ysfg7nuc7CHM3h,,,,,40.4324,-79.9247,anonymous,EN,1.301,6.477,33.572,3,,0.696,16.704,55.17,3,6,5,5,6,3,7,5,2,3,1,34,5,7,3,6,2,2,4,977795642,low,0
12/12/22 12:52,12/12/22 12:55,0,47.183.187.148,100,143,1,12/12/22 12:55,R_30k5UswJcBpPYte,,,,,30.6667,-98.4419,anonymous,EN,2.646,8.831,25.59,3,,1.453,1.453,22.206,1,7,7,7,7,1,7,7,3,4,2,47,3,3,2,7,2,2,1,770886900,low,0
12/12/22 12:53,12/12/22 12:55,0,75.177.118.157,100,93,1,12/12/22 12:55,R_2TQNCdZdLyCWKDi,,,,,36.5002,-80.6163,anonymous,EN,0,0,14.607,0,,1.133,1.133,14.743,1,4,6,6,4,7,7,4,2,4,2,42,6,6,1,1,1,2,1,271979546,high,1
12/12/22 12:53,12/12/22 12:55,0,98.212.187.205,100,107,1,12/12/22 12:55,R_2viD9rnsyQ07Axj,,,,,42.0487,-87.8905,anonymous,EN,9.757,17.064,22.942,7,,0.574,22.841,26.417,3,4,1,1,1,7,7,7,3,3,1,27,5,6,2,7,2,2,1,602676619,high,1
12/12/22 12:49,12/12/22 12:55,0,23.135.40.10,100,375,1,12/12/22 12:55,R_2CUJf5sHlWuQuPh,,,,,28.5531,-81.7597,anonymous,EN,0,0,92.707,0,,1.321,89.568,153.583,12,5,5,4,5,2,5,4,4,3,2,33,6,7,3,6,2,2,2,848366371,low,0
12/12/22 12:49,12/12/22 12:55,0,108.209.235.73,100,363,1,12/12/22 12:55,R_1mRvdIh7FggZKlK,,,,,29.9149,-81.3672,anonymous,EN,0,0,45.624,0,,1.358,121.266,122.103,18,5,5,5,5,5,6,6,3,2,1,63,5,11,3,1,1,2,1,937765724,low,0
12/12/22 12:53,12/12/22 12:56,0,98.127.137.72,100,159,1,12/12/22 12:56,R_3RwRHsj6hDYPqxM,,,,,46.6099,-112.0244,anonymous,EN,0,0,16.678,0,,1.255,1.255,37.955,1,1,2,2,2,2,2,1,2,2,1,50,2,2,1,3,3,2,1,327086704,low,0
12/12/22 12:50,12/12/22 12:56,0,99.67.138.16,100,362,1,12/12/22 12:56,R_3k4IwM2aQACQ9h0,,,,,42.9285,-83.6332,anonymous,EN,0,0,57.604,0,,1.86,151.2,181.859,9,5,6,6,4,2,7,5,3,3,2,35,4,6,1,6,2,2,1,430791149,low,0
12/12/22 12:52,12/12/22 12:56,0,24.163.27.166,100,218,1,12/12/22 12:56,R_23V8czPz6OtsZty,,,,,36.033,-80.3916,anonymous,EN,2.253,2.253,31.533,1,,2.56,2.56,80.257,1,4,4,4,4,3,5,4,3,3,1,34,5,6,3,4,2,2,1,164035763,low,0
12/12/22 12:50,12/12/22 12:56,0,35.134.159.168,100,348,1,12/12/22 12:56,R_3CZxaEBXgosNmol,,,,,38.4321,-90.3896,anonymous,EN,84.879,84.879,85.941,1,,0.487,0.487,59.607,1,5,3,5,3,6,4,2,3,2,1,37,6,10,2,6,3,2,1,295286085,high,1
12/12/22 12:53,12/12/22 12:56,0,199.19.237.215,100,166,1,12/12/22 12:56,R_bsjhav1eYNpkCS5,,,,,32.7697,-91.7686,anonymous,EN,0,0,25.646,0,,1.987,1.987,28.642,1,4,6,6,6,4,7,5,2,2,2,34,3,3,1,4,3,2,1,599778955,low,0
12/12/22 12:48,12/12/22 12:56,0,98.11.235.90,100,483,1,12/12/22 12:56,R_3shvGKOr2HngKsn,,,,,42.6359,-73.7219,anonymous,EN,0,0,12.369,0,,1.25,209.113,332.893,3,6,6,7,6,1,6,7,4,5,2,34,6,8,3,1,2,2,1,832737681,high,1
12/12/22 12:54,12/12/22 12:56,0,103.184.25.18,100,120,1,12/12/22 12:56,R_1dLHTIwr888nide,,,,,25.0419,88.5523,anonymous,EN,0,0,12.748,0,,1.293,22.809,46.218,2,6,5,7,5,2,6,6,4,4,2,31,6,10,4,5,3,2,1,709658571,high,1
12/12/22 12:51,12/12/22 12:56,0,67.171.113.148,100,331,1,12/12/22 12:56,R_1DoLWYoG7pxLX37,,,,,41.1696,-111.9818,anonymous,EN,23.05,23.05,40.664,1,,1.774,94.662,149.031,3,6,5,6,6,3,5,6,5,4,2,29,6,6,3,2,2,2,1,262342778,low,0
12/12/22 12:54,12/12/22 12:57,0,70.191.27.244,100,125,1,12/12/22 12:57,R_ve2wJ7bbhnZbFzb,,,,,36.115,-115.2165,anonymous,EN,4.476,20.243,22.906,4,,0.7,0.7,38.974,1,6,7,7,7,7,7,7,2,3,2,41,3,5,2,7,2,2,1,434909265,high,1
12/12/22 12:55,12/12/22 12:57,0,68.2.91.69,100,129,1,12/12/22 12:57,R_xGyCZQZJsUA8IhP,,,,,33.5988,-111.8795,anonymous,EN,11.786,11.786,13.192,1,,0.987,21.959,25.415,2,5,5,5,4,6,7,1,5,5,1,58,5,12,4,1,1,2,1,355754014,low,0
12/12/22 12:49,12/12/22 12:57,0,73.147.141.76,100,463,1,12/12/22 12:57,R_3empmHpQ1wQcJkf,,,,,38.0704,-78.9067,anonymous,EN,17.687,17.687,55.032,1,,10.062,193.74,217.1,7,7,5,6,6,2,6,7,4,5,1,33,6,6,4,5,1,2,1,315543177,low,0
12/12/22 12:54,12/12/22 12:57,0,98.243.171.145,100,173,1,12/12/22 12:57,R_1CpvtaXFhV8vgnJ,,,,,41.8993,-84.0402,anonymous,EN,0,0,18.945,0,,0.473,61.805,62.616,3,6,4,5,6,1,7,5,3,4,1,32,3,4,2,5,2,1,,517789659,low,0
12/12/22 12:55,12/12/22 12:57,0,24.127.180.222,100,121,1,12/12/22 12:57,R_1QuqNocqKoeuDll,,,,,42.331,-83.3785,anonymous,EN,0,0,18.634,0,,1.268,1.268,19.276,1,4,4,4,4,6,6,6,3,3,1,63,4,5,3,3,1,2,1,612521311,low,0
12/12/22 12:55,12/12/22 12:57,0,174.27.65.198,100,133,1,12/12/22 12:57,R_VRpdxrL4tsI3gbL,,,,,43.5784,-116.2179,anonymous,EN,0,0,15.68,0,,3.494,3.494,28.192,1,5,6,6,6,3,7,6,3,4,1,28,5,9,2,7,2,2,1,372559097,low,0
12/12/22 12:49,12/12/22 12:58,0,208.200.6.250,100,539,1,12/12/22 12:58,R_1hM7q3AADWTBwZ0,,,,,45.5496,-122.5044,anonymous,EN,0,0,46.893,0,,24.386,304.057,355.911,2,6,6,5,6,1,6,5,3,4,2,41,5,9,4,1,2,2,1,527868886,high,1
12/12/22 12:56,12/12/22 12:58,0,73.41.249.106,100,128,1,12/12/22 12:58,R_33pZk4rT1YXGA7I,,,,,37.6755,-121.0068,anonymous,EN,0,0,27.27,0,,1.663,20.034,23.666,2,4,4,4,4,7,5,4,2,2,1,36,2,1,1,4,3,2,1,892766498,high,1
12/12/22 12:55,12/12/22 12:58,0,70.18.11.212,100,218,1,12/12/22 12:58,R_e3BgNDwSJ8ORuSZ,,,,,40.6368,-74.0005,anonymous,EN,0,0,29.685,0,,1.253,5.878,106.146,3,5,6,5,5,5,6,6,4,3,1,40,5,8,3,3,1,2,4,598562950,high,1
12/12/22 12:57,12/12/22 12:59,0,192.184.253.225,100,95,1,12/12/22 12:59,R_RhkqsBfuEKFSkNP,,,,,37.8107,-122.2479,anonymous,EN,0,0,15.54,0,,0.873,0.873,18.012,1,6,5,5,4,2,7,6,4,4,1,30,6,12,4,6,2,2,4,434774029,low,0
12/12/22 12:56,12/12/22 12:59,0,72.179.18.48,100,184,1,12/12/22 12:59,R_2EspI2Nu3ulUWuw,,,,,30.5875,-97.8535,anonymous,EN,11.62,11.62,20.314,1,,0.806,0.806,69.744,1,5,4,3,3,7,3,4,4,4,1,35,6,10,3,4,3,2,1,166744095,high,1
12/12/22 12:49,12/12/22 12:59,0,73.117.12.71,100,618,1,12/12/22 12:59,R_DAaNumeBUZTKDVT,,,,,39.811,-79.3607,anonymous,EN,0,0,277.777,0,,1.164,133.893,135.172,17,5,4,4,4,7,6,6,1,1,2,44,2,3,2,4,1,2,1,391899226,low,0
12/12/22 12:57,12/12/22 12:59,0,96.234.58.148,100,117,1,12/12/22 12:59,R_1F2OlYsCejztgAh,,,,,40.7938,-74.4878,anonymous,EN,0,0,11.578,0,,0.844,0.844,23.846,1,5,5,5,5,3,7,7,3,3,1,23,5,7,3,5,2,2,1,694943507,low,0
12/12/22 12:56,12/12/22 12:59,0,24.234.72.216,100,199,1,12/12/22 12:59,R_2rJyJXrkfzboYDG,,,,,36.2158,-115.066,anonymous,EN,17.906,17.906,18.346,1,,15.257,62.644,83.874,3,2,2,2,3,5,3,3,4,3,1,26,5,8,3,6,2,2,2,364073806,high,1
12/12/22 12:56,12/12/22 12:59,0,76.115.241.183,100,204,1,12/12/22 12:59,R_1pMsLmy11KYKXu2,,,,,44.0197,-123.1008,anonymous,EN,0,0,22.002,0,,3.264,3.264,41.157,1,4,3,4,3,6,4,4,2,3,2,27,4,2,1,6,2,2,1,741355457,high,1
12/12/22 12:55,12/12/22 12:59,0,98.203.240.96,100,263,1,12/12/22 12:59,R_4IA24z60SiuGIZX,,,,,47.6784,-122.1857,anonymous,EN,0,0,12.011,0,,1.635,15.157,33.274,2,5,6,7,6,1,6,7,4,5,1,49,6,9,4,6,3,2,1,611012336,high,1
12/12/22 12:51,12/12/22 13:00,0,199.185.175.128,100,532,1,12/12/22 13:00,R_2attu5O3mQjXWAa,,,,,35.1431,-90.0492,anonymous,EN,0,0,257.903,0,,0.646,0.646,72.408,1,6,6,6,6,2,7,6,3,3,2,43,6,11,3,5,2,2,2,760744034,high,1
12/12/22 12:49,12/12/22 13:00,0,103.143.183.246,100,642,1,12/12/22 13:00,R_1ihrXxq9vAnmXh8,,,,,23.746,90.382,anonymous,EN,104.052,104.052,114.256,1,,20.055,345.161,372.867,9,6,6,7,5,4,5,6,3,4,1,29,5,7,3,6,2,2,1,827875480,high,1
12/12/22 12:59,12/12/22 13:00,0,72.192.178.157,100,112,1,12/12/22 13:00,R_3mDHHUVUUbXGlxL,,,,,32.7398,-117.027,anonymous,EN,0,0,27.42,0,,1.268,1.268,13.48,1,4,4,4,3,2,7,7,4,4,1,40,2,4,2,7,2,2,1,694880821,low,0
12/12/22 12:58,12/12/22 13:00,0,174.231.210.18,100,129,1,12/12/22 13:00,R_3CZPqwXA3Qppbzd,,,,,40.0178,-82.978,anonymous,EN,11.604,11.604,12.143,1,,60.514,60.514,72.469,1,4,3,3,5,5,3,4,4,4,1,29,2,3,2,1,1,2,1,956334392,high,1
12/12/22 12:58,12/12/22 13:01,0,70.188.51.172,100,199,1,12/12/22 13:01,R_2dXVnnwIWc3ZUpH,,,,,37.2348,-79.9464,anonymous,EN,3.559,14.237,17.883,2,,12.96,56.562,90.141,3,7,6,7,7,2,1,5,2,2,2,35,3,1,1,4,3,2,1,32543551,low,0
12/12/22 12:54,12/12/22 13:01,0,102.129.224.2,100,411,1,12/12/22 13:01,R_1JQnanmfOYpAaRf,,,,,34.0544,-118.2441,anonymous,EN,2.576,5.687,12.472,3,,25.606,95.183,95.544,3,6,5,6,6,3,6,5,4,2,1,24,5,7,3,6,2,2,2,929869543,low,0
12/12/22 12:53,12/12/22 13:01,0,185.199.103.118,100,532,1,12/12/22 13:01,R_2yj4ZqWqVe4rz91,,,,,40.7425,-73.9877,anonymous,EN,0,0,86.633,0,,16.073,158.676,166.291,10,4,6,7,7,2,7,7,4,5,2,31,6,11,3,7,2,2,1,424717222,low,0
12/12/22 12:57,12/12/22 13:02,0,71.192.129.104,100,262,1,12/12/22 13:02,R_6KIL64t0UDk5ssh,,,,,42.13,-72.5804,anonymous,EN,0,0,30.501,0,,0.664,86.708,93.019,2,4,6,6,6,2,5,6,3,3,2,54,5,11,3,3,1,2,1,897966208,low,0
12/12/22 12:59,12/12/22 13:02,0,73.148.224.88,100,163,1,12/12/22 13:02,R_24C0r98pthv3COI,,,,,30.3668,-81.5873,anonymous,EN,2.496,4.601,25.174,4,,0.58,52.001,61.399,10,6,6,6,6,4,6,6,2,2,1,26,5,3,3,6,2,2,1,263294191,low,0
12/12/22 12:57,12/12/22 13:02,0,75.184.121.219,100,263,1,12/12/22 13:02,R_3M3XDHb3pUK3oEz,,,,,44.5034,-87.9813,anonymous,EN,21.604,21.604,46.863,1,,1.195,1.195,27.619,1,7,5,5,5,5,3,5,2,3,2,64,5,3,2,6,2,2,1,45451310,high,1
12/12/22 12:58,12/12/22 13:02,0,108.216.4.79,100,208,1,12/12/22 13:02,R_Y4y5sPMc3P3j7CV,,,,,30.0822,-81.5498,anonymous,EN,88.821,89.181,103.725,3,,1.81,1.81,28.337,1,5,5,5,4,5,5,6,3,3,1,37,6,12,4,6,2,2,1,550300991,high,1
12/12/22 12:59,12/12/22 13:02,0,67.84.23.158,100,221,1,12/12/22 13:02,R_2rUdGVyJELLqjw0,,,,,40.822,-73.86,anonymous,EN,0,0,32.237,0,,0.901,27.909,62.653,3,6,3,5,5,2,5,3,2,3,1,34,5,4,2,6,2,1,,452561461,low,0
12/12/22 12:59,12/12/22 13:03,0,173.242.140.10,100,231,1,12/12/22 13:03,R_1NqPt5Xm2b7lTYJ,,,,,37.9694,-86.1113,anonymous,EN,0,0,19.566,0,,0.806,0.806,14.174,1,4,5,6,6,2,5,6,3,4,2,29,3,4,1,4,3,2,1,50766975,high,1
12/12/22 12:59,12/12/22 13:03,0,67.168.36.12,100,210,1,12/12/22 13:03,R_3kmP0cn3ulKCVpk,,,,,47.6657,-117.2251,anonymous,EN,4.713,14.466,19.652,5,,1.153,62.753,89.122,2,6,6,6,5,1,6,3,3,4,3,31,4,1,1,6,3,2,3,961321356,low,0
12/12/22 12:59,12/12/22 13:03,0,32.219.249.211,100,236,1,12/12/22 13:03,R_1pJZCAwwwK3PLW3,,,,,41.776,-72.5283,anonymous,EN,48.845,48.845,50.447,1,,10.802,10.802,45.398,1,6,5,5,5,3,5,5,2,2,1,37,5,10,3,6,2,2,1,226504717,low,0
12/12/22 13:00,12/12/22 13:03,0,66.189.246.154,100,214,1,12/12/22 13:03,R_22lfBfPxCVVwfKS,,,,,33.3708,-84.8154,anonymous,EN,0,0,32.408,0,,3.473,65.782,74.711,6,4,5,5,5,4,7,7,3,2,1,48,3,5,3,3,1,2,1,266732857,high,1
12/12/22 12:59,12/12/22 13:04,0,172.58.238.201,100,289,1,12/12/22 13:04,R_3aTVePP6AtmtAWd,,,,,40.7238,-74.2293,anonymous,EN,0,0,29.516,0,,3.161,3.161,72.874,1,5,6,5,6,4,7,6,3,3,1,33,5,8,3,2,2,2,2,722802103,high,1
12/12/22 13:00,12/12/22 13:04,0,173.185.201.73,100,246,1,12/12/22 13:04,R_1juMAEGq3TtJZ8I,,,,,33.4085,-94.1819,anonymous,EN,0,0,44.635,0,,1.321,45.79,92.023,3,7,7,7,7,2,4,2,2,2,1,47,3,2,1,7,2,2,1,951225755,low,0
12/12/22 13:02,12/12/22 13:04,0,67.180.106.232,100,108,1,12/12/22 13:04,R_79hgGLPSuG6r6Yp,,,,,37.2125,-121.8641,anonymous,EN,5.919,8.419,38.769,3,,20.499,20.499,24.398,1,6,5,6,5,3,7,7,3,4,1,42,5,11,3,7,2,2,1,548957490,high,1
12/12/22 13:02,12/12/22 13:04,0,100.7.113.63,100,141,1,12/12/22 13:04,R_2tLKkmFz6NqUmBW,,,,,37.5109,-77.6429,anonymous,EN,19.98,19.98,22.026,1,,2.594,2.594,33.131,1,2,3,4,5,3,7,6,3,3,1,54,4,4,2,6,2,2,1,210342599,low,0
12/12/22 13:02,12/12/22 13:05,0,71.226.207.165,100,169,1,12/12/22 13:05,R_0olQEGCXyD2uxzP,,,,,39.7077,-75.1139,anonymous,EN,0,0,12.368,0,,9.027,25.522,27.143,3,5,4,5,5,2,4,5,3,4,1,61,5,9,3,6,2,2,1,123722836,high,1
12/12/22 12:57,12/12/22 13:06,0,76.30.146.52,100,526,1,12/12/22 13:06,R_1Ks7ZE8acZpraYR,,,,,29.8772,-95.6938,anonymous,EN,0,0,19.607,0,,4.536,4.536,14.696,1,5,5,6,5,3,5,6,4,3,1,67,5,8,3,2,2,2,1,342236888,high,1
12/12/22 13:04,12/12/22 13:06,0,216.106.158.67,100,160,1,12/12/22 13:06,R_3ssHf1I4RrFSMPb,,,,,35.2878,-93.1296,anonymous,EN,0.333,23.02,24.357,2,,45.362,45.362,56.204,1,5,6,6,5,2,5,2,3,3,2,26,5,3,1,3,1,2,2,992513033,low,0
12/12/22 12:49,12/12/22 12:53,0,98.167.7.216,100,205,1,12/12/22 13:08,R_3EXSaSq3Ruod03Y,,,,,36.122,-115.086,anonymous,EN,0,0,26.703,0,,1.78,63.94,70.877,7,6,6,6,7,5,7,7,2,2,1,50,5,10,3,5,2,2,1,325004715,low,0
12/12/22 13:04,12/12/22 13:08,0,35.139.190.224,100,226,1,12/12/22 13:08,R_2TMmpbE4YBOhiTx,,,,,28.0164,-81.9554,anonymous,EN,0.782,20.602,23.534,4,,2.197,65.011,79.756,7,4,2,3,3,2,7,5,3,2,1,25,4,3,1,6,2,2,1,403404077,low,0
12/12/22 13:02,12/12/22 13:08,0,47.224.50.72,100,376,1,12/12/22 13:08,R_BsHMxAoijgFxgJj,,,,,45.608,-84.4867,anonymous,EN,0,0,38.653,0,,9.774,12.814,124.26,3,5,4,4,5,7,7,5,3,3,1,45,5,7,3,6,2,2,1,986518546,high,1
12/12/22 12:55,12/12/22 13:12,0,198.54.129.85,100,1015,1,12/12/22 13:12,R_z26yRXfdTGqkoBH,,,,,34.0515,-118.2707,anonymous,EN,0,0,185.41,0,,1.823,1.823,89.598,1,6,5,5,5,6,7,5,3,3,1,40,3,3,2,5,2,2,1,126092088,high,1
12/12/22 13:12,12/12/22 13:13,0,24.23.0.67,100,95,1,12/12/22 13:13,R_3L67a8T9FxuOg9z,,,,,38.4819,-121.4024,anonymous,EN,0,0,12.672,0,,0,0,22.439,0,4,4,4,5,7,5,4,3,3,2,32,3,4,2,6,2,2,1,430079451,high,1
12/12/22 13:12,12/12/22 13:14,0,71.199.248.207,100,117,1,12/12/22 13:14,R_33pUSzXiQyWsCPV,,,,,30.3668,-81.5873,anonymous,EN,4.12,17.647,18.528,9,,1.751,1.751,25.15,1,6,5,5,5,3,7,7,2,2,2,58,6,11,4,1,1,2,1,118872713,low,0
12/12/22 13:15,12/12/22 13:17,0,75.174.147.186,100,107,1,12/12/22 13:17,R_1juLD4wkmFIlAuB,,,,,43.6138,-116.3972,anonymous,EN,0,0,11.032,0,,1.151,1.151,21.872,1,6,4,4,5,2,7,4,3,4,1,46,5,8,2,6,2,2,1,403341236,low,0
12/12/22 13:15,12/12/22 13:17,0,24.115.118.64,100,142,1,12/12/22 13:17,R_WoFlhXlXBBXV61z,,,,,40.5201,-75.7768,anonymous,EN,4.638,4.638,39.822,1,,0.998,7.158,33.606,2,4,5,5,7,3,6,5,3,4,1,27,5,6,3,5,2,2,2,385274785,low,0
12/12/22 13:15,12/12/22 13:18,0,144.91.218.172,100,200,1,12/12/22 13:18,R_1nPhWvhEFmKQ7xz,,,,,40.4444,-86.9256,anonymous,EN,0,0,44.765,0,,1.765,1.765,37.328,1,4,5,5,5,3,6,6,4,4,1,19,2,5,3,6,2,2,1,870832142,high,1
12/12/22 13:28,12/12/22 13:30,0,71.74.236.237,100,120,1,12/12/22 13:30,R_30k01Kk252PLJ0u,,,,,40.742,-81.1031,anonymous,EN,0.873,32.435,33.171,18,,0.998,1.839,13.202,2,7,4,4,4,7,6,4,3,3,2,31,2,2,1,7,2,2,1,969480022,high,1
12/12/22 13:29,12/12/22 13:30,0,72.255.78.178,100,100,1,12/12/22 13:30,R_3qr3b1zoK8SxIKM,,,,,41.6622,-91.5149,anonymous,EN,0,0,11.341,0,,0.728,0.728,28.945,1,5,5,6,6,1,6,4,4,4,1,39,5,7,3,5,2,2,1,231249984,low,0
12/12/22 13:29,12/12/22 13:30,0,173.233.175.130,100,94,1,12/12/22 13:30,R_323KFyzprnCU9CW,,,,,40.4156,-90.7846,anonymous,EN,16.522,16.522,17.051,1,,1.638,1.638,15.289,1,4,4,4,4,4,4,4,3,3,2,53,5,3,3,2,1,2,1,729255504,high,1
12/12/22 13:29,12/12/22 13:31,0,173.61.100.107,100,143,1,12/12/22 13:31,R_1jjHKvkqHC60NAW,,,,,39.3762,-75.1617,anonymous,EN,0,0,39.201,0,,2.301,3.527,21.459,2,6,5,5,5,3,7,7,3,3,1,36,2,12,4,7,2,2,1,265030074,low,0
12/12/22 13:29,12/12/22 13:31,0,75.142.97.12,100,120,1,12/12/22 13:31,R_2SuBRnmyaqfb9C7,,,,,33.8681,-118.1831,anonymous,EN,6.243,6.243,20.381,1,,1.181,1.181,32.709,1,7,4,4,4,7,7,6,3,3,3,37,6,6,3,7,2,2,1,728459937,high,1
12/12/22 13:29,12/12/22 13:32,0,73.178.99.79,100,159,1,12/12/22 13:32,R_3QQUp8lvA7qphPG,,,,,39.7576,-74.2496,anonymous,EN,14.682,16.252,20.883,3,,9.262,9.262,63.365,1,5,4,4,5,4,6,5,2,2,1,45,3,4,2,3,3,2,1,549052564,low,0
12/12/22 13:29,12/12/22 13:32,0,50.53.28.53,100,168,1,12/12/22 13:32,R_Os7yWW8lhTNH13H,,,,,45.5152,-122.4167,anonymous,EN,0,0,41.913,0,,0.539,29.626,29.989,2,6,6,6,6,2,6,6,4,4,1,29,5,10,3,5,1,2,1,635148719,low,0
12/12/22 13:29,12/12/22 13:32,0,24.99.8.100,100,177,1,12/12/22 13:32,R_dcCW9jvtqwfEQx3,,,,,33.8654,-84.3385,anonymous,EN,20.352,20.352,22.652,1,,5.52,5.52,89.254,1,6,5,5,4,7,6,5,3,3,1,35,5,7,3,7,2,2,1,414820445,high,1
12/12/22 13:29,12/12/22 13:32,0,69.14.31.96,100,182,1,12/12/22 13:32,R_5q1FdRknDhymzXr,,,,,42.5597,-83.1138,anonymous,EN,16.638,16.638,36.035,1,,6.189,6.189,49.601,1,1,3,3,3,7,7,7,3,3,1,28,5,12,3,6,2,2,4,510524932,high,1
12/12/22 13:30,12/12/22 13:32,0,47.41.106.31,100,116,1,12/12/22 13:32,R_2R96PYIyMYBLSEC,,,,,44.0484,-92.4948,anonymous,EN,0,0,13.991,0,,1.901,1.901,34.328,1,6,5,5,5,5,7,6,3,3,2,51,5,10,3,4,3,2,1,83675855,high,1
12/12/22 13:29,12/12/22 13:33,0,24.73.13.115,100,221,1,12/12/22 13:33,R_2rAZ2JZeljs7Toa,,,,,28.3318,-82.2446,anonymous,EN,0,0,20.953,0,,1.546,1.546,19.624,1,5,7,7,7,6,3,5,2,2,1,35,3,2,2,7,2,2,1,176777819,high,1
12/12/22 13:30,12/12/22 13:33,0,70.254.2.11,100,150,1,12/12/22 13:33,R_pz1ALnyWmnMz0B3,,,,,41.141,-81.4768,anonymous,EN,0,0,53.416,0,,1.015,1.015,23.091,1,4,4,4,4,4,5,4,3,3,2,26,5,6,2,6,2,2,1,575137043,low,0
12/12/22 13:29,12/12/22 13:33,0,68.226.204.251,100,237,1,12/12/22 13:33,R_xbCYADZPgBjcKS5,,,,,30.209,-92.0607,anonymous,EN,0,0,101.078,0,,0.627,38.873,39.859,5,4,5,4,5,4,7,2,2,3,1,29,5,8,2,4,3,2,1,93577203,low,0
12/12/22 13:29,12/12/22 13:34,0,66.24.161.101,100,253,1,12/12/22 13:34,R_Zn6q3HKDQ6HuFm9,,,,,42.1126,-75.9305,anonymous,EN,0,0,14.286,0,,2.353,120.283,123.123,5,4,4,4,3,7,6,5,3,4,1,41,5,6,3,5,2,2,1,52691306,high,1
12/12/22 13:29,12/12/22 13:34,0,67.240.194.163,100,274,1,12/12/22 13:34,R_2CxCSV8NznGw0tg,,,,,43.2143,-77.9392,anonymous,EN,0,0,47.106,0,,3.094,3.094,79.833,1,5,6,6,7,3,6,6,3,4,1,56,5,5,2,6,2,2,1,238646150,low,0
12/12/22 13:29,12/12/22 13:34,0,68.102.252.190,100,322,1,12/12/22 13:34,R_28J5fW79g1bXlXv,,,,,38.3746,-97.673,anonymous,EN,38.96,43.31,85.668,3,,1.28,5.987,111.884,2,7,2,2,3,7,5,4,2,3,2,39,3,6,2,4,3,2,1,8508184,high,1
12/12/22 13:29,12/12/22 13:34,0,66.172.66.106,100,298,1,12/12/22 13:34,R_2czxibP1sRJE9im,,,,,32.45,-81.7158,anonymous,EN,155.55,155.55,156.711,1,,1.094,1.094,31.823,1,3,4,4,4,7,2,4,2,3,2,23,5,6,2,6,2,2,1,862741595,high,1
12/12/22 13:32,12/12/22 13:34,0,97.107.94.6,100,140,1,12/12/22 13:34,R_1OrwbNZSJMBkbzB,,,,,41.732,-84.2234,anonymous,EN,0,0,23.812,0,,3.564,3.564,12.481,1,4,4,4,2,7,2,4,3,3,1,30,2,3,2,6,2,2,1,886672081,high,1
12/12/22 13:31,12/12/22 13:34,0,47.149.95.16,100,193,1,12/12/22 13:34,R_3gZzRbfBDllBRvW,,,,,33.5173,-117.1208,anonymous,EN,5.428,7.926,12.973,3,,19.483,48.095,58.154,2,7,7,7,4,7,7,7,2,2,2,28,3,10,2,6,2,2,1,454270069,low,0
12/12/22 13:31,12/12/22 13:35,0,24.192.217.182,100,209,1,12/12/22 13:35,R_WD0xX4e1r62wUoN,,,,,42.5538,-82.9185,anonymous,EN,0,0,37.271,0,,3.219,3.219,49.369,1,6,5,5,5,1,7,7,3,5,1,47,3,3,2,6,2,2,1,193247431,low,0
12/12/22 13:32,12/12/22 13:35,0,73.17.14.96,100,140,1,12/12/22 13:35,R_3EtDwfgMpoOcUek,,,,,41.6026,-72.9765,anonymous,EN,0,0,34.648,0,,17.155,17.155,42.376,1,7,4,4,5,2,6,4,3,3,1,28,2,6,1,7,2,2,1,897446037,low,0
12/12/22 13:29,12/12/22 13:35,0,172.241.214.243,100,335,1,12/12/22 13:35,R_3lPSHmZZuUy6nqj,,,,,37.751,-97.822,anonymous,EN,3.647,5.496,25.572,4,,20.128,202.495,209.557,6,6,6,6,7,2,7,5,3,2,1,41,6,12,3,6,2,2,1,406091283,low,0
12/12/22 13:29,12/12/22 13:36,0,173.26.139.190,100,405,1,12/12/22 13:36,R_xfwFai2xHVJii7D,,,,,37.1661,-93.2458,anonymous,EN,217.615,217.615,219.143,1,,0.657,0.657,13.572,1,7,5,5,4,7,7,5,3,4,1,41,6,3,1,7,3,2,1,352322586,high,1
12/12/22 13:34,12/12/22 13:36,0,66.168.57.247,100,130,1,12/12/22 13:36,R_3r2kLvBB6tYjxvS,,,,,43.1899,-88.7225,anonymous,EN,0,0,10.936,0,,0.914,0.914,25.445,1,5,6,6,7,2,7,7,3,2,1,28,5,11,3,6,2,2,1,580030473,low,0
12/12/22 13:32,12/12/22 13:36,0,172.14.118.218,100,272,1,12/12/22 13:36,R_22CXdLMnKw28psa,,,,,34.137,-118.2376,anonymous,EN,34.255,39.005,64.462,3,,0.522,16.607,66.244,3,2,5,5,6,3,6,2,3,3,2,38,5,7,3,7,2,2,4,110405035,high,1
12/12/22 13:29,12/12/22 13:38,0,74.137.22.4,100,569,1,12/12/22 13:38,R_3k0q1ejU3IaB6ek,,,,,41.4722,-81.745,anonymous,EN,78.459,96.596,220.539,3,,55.247,132.738,191.461,7,7,4,4,5,2,7,5,3,3,1,27,5,7,2,2,1,2,4,732060871,low,0
12/12/22 13:39,12/12/22 13:41,0,67.83.135.234,100,144,1,12/12/22 13:41,R_pKRbjqn8AP7utZD,,,,,40.6801,-73.9207,anonymous,EN,0,0,15.571,0,,11.642,35.974,38.252,3,5,4,5,4,6,6,4,3,4,1,25,4,4,2,5,2,1,,884107531,high,1
12/12/22 13:42,12/12/22 13:47,0,172.112.178.7,100,264,1,12/12/22 13:47,R_9N4ZQsOf7j3MQO5,,,,,33.8104,-118.3531,anonymous,EN,0,0,15.881,0,,0.937,73.386,99.763,2,4,3,3,2,7,7,5,4,4,1,34,5,6,3,5,2,2,4,458833972,high,1
12/12/22 13:44,12/12/22 13:47,0,35.139.6.91,100,229,1,12/12/22 13:47,R_2PebZUJVczKVs77,,,,,28.3637,-82.6759,anonymous,EN,49.194,49.194,63.898,1,,0,0,103.086,0,4,4,4,4,3,5,3,4,4,1,32,5,8,4,3,1,1,,755475859,high,1
12/12/22 13:48,12/12/22 13:50,0,174.232.186.7,100,126,1,12/12/22 13:50,R_2XolqQjgKswpdy3,,,,,32.7797,-96.8022,anonymous,EN,0,0,11.078,0,,0.971,0.971,33.915,1,6,6,6,6,2,7,7,5,5,1,48,4,9,3,7,3,1,,676203914,low,0
12/12/22 13:52,12/12/22 13:56,0,70.161.171.209,100,206,1,12/12/22 13:56,R_2ROFcySbBjHTihm,,,,,37.0737,-76.4988,anonymous,EN,26.905,26.905,29.074,1,,2.419,2.419,59.999,1,4,5,5,4,7,3,3,2,3,2,46,2,8,2,6,2,2,1,716992568,high,1
12/12/22 13:55,12/12/22 13:56,0,67.247.68.1,100,89,1,12/12/22 13:56,R_3jTgSsmk1bna5WM,,,,,43.0642,-74.334,anonymous,EN,2.225,4.238,12.799,2,,0.983,16.502,26.519,2,6,6,6,6,2,2,4,3,2,1,28,5,1,1,4,2,2,1,322210517,low,0
12/12/22 13:58,12/12/22 14:01,0,98.26.12.85,100,166,1,12/12/22 14:01,R_w4SrcWpt7VfBmtX,,,,,35.7633,-78.71,anonymous,EN,25.808,25.808,26.613,1,,1.35,1.35,48.59,1,4,4,4,3,7,5,4,2,3,2,28,5,4,1,6,3,2,2,752171148,high,1
12/12/22 13:57,12/12/22 14:03,0,35.140.13.200,100,324,1,12/12/22 14:03,R_2DSRjJlEYgFAmjn,,,,,27.7538,-82.7208,anonymous,EN,0,0,73.152,0,,2.719,2.719,73.183,1,6,7,7,7,5,7,7,4,5,1,42,5,6,2,6,2,2,1,489371039,low,0
12/12/22 14:00,12/12/22 14:04,0,66.113.55.198,100,233,1,12/12/22 14:04,R_1PSoJBSc8ytwCji,,,,,47.8408,-112.1984,anonymous,EN,0,0,24.451,0,,1.345,1.345,63.716,1,6,6,5,6,3,5,5,3,3,2,68,5,3,3,4,3,2,1,557574589,low,0
12/12/22 14:01,12/12/22 14:04,0,24.163.25.212,100,199,1,12/12/22 14:04,R_3GpMwDkp61yLffZ,,,,,36.033,-80.3916,anonymous,EN,0,0,17.323,0,,2.462,19.721,53.702,2,1,1,1,1,5,2,2,3,3,1,37,5,7,3,1,1,2,1,69044389,high,1
12/12/22 14:02,12/12/22 14:06,0,24.211.26.202,100,242,1,12/12/22 14:06,R_rcBmmWuS0BcoDTP,,,,,43.0538,-88.3976,anonymous,EN,77.653,77.653,77.978,1,,0.305,25.461,41.117,2,5,4,4,5,7,7,6,2,2,1,38,5,8,3,5,3,2,1,783870409,low,0
12/12/22 14:09,12/12/22 14:11,0,98.113.152.254,100,123,1,12/12/22 14:11,R_1OiZXAfRkN14N36,,,,,40.6115,-74.0156,anonymous,EN,1.922,10.61,13.744,4,,0.755,13.656,35.877,5,4,4,4,3,6,5,4,3,3,3,25,5,7,2,7,2,2,4,232527299,high,1
12/12/22 14:13,12/12/22 14:20,0,50.158.70.111,100,424,1,12/12/22 14:20,R_2QtWfbFKeW8dghu,,,,,36.0409,-115.0829,anonymous,EN,2.687,35.935,37.406,8,,18.341,18.341,92.563,1,6,5,5,4,4,5,5,3,3,1,70,3,4,3,2,3,1,,745088222,high,1
12/12/22 14:19,12/12/22 14:21,0,136.56.157.71,100,113,1,12/12/22 14:21,R_VJZM6xm4Uemfskh,,,,,35.8538,-78.686,anonymous,EN,0,0,19.401,0,,3.079,3.079,23.045,1,4,6,6,6,5,7,5,2,2,1,38,4,12,3,6,2,2,1,471337046,low,0
12/12/22 14:19,12/12/22 14:28,0,72.28.225.53,100,579,1,12/12/22 14:28,R_6Fl7mwx3vpd9hHH,,,,,33.5546,-81.721,anonymous,EN,0,0,293.294,0,,0.846,16.93,17.264,3,6,7,7,7,5,5,5,3,3,2,35,4,3,1,7,2,2,1,831660487,low,0
12/12/22 14:31,12/12/22 14:32,0,68.40.62.88,100,88,1,12/12/22 14:32,R_3QKoW0aD0xfJtFv,,,,,42.3068,-83.7059,anonymous,EN,1.273,7.288,11.275,2,,0.304,23.962,24.942,4,5,5,5,4,7,5,5,2,3,1,20,3,4,2,5,2,2,4,763477535,high,1
12/12/22 14:51,12/12/22 14:58,0,67.185.7.242,100,420,1,12/12/22 14:58,R_2BwVwBFbM4QBPaW,,,,,47.7345,-117.447,anonymous,EN,2.489,3.39,14.968,2,,6.757,6.757,18.9,1,5,4,4,3,3,3,3,3,3,1,33,4,3,1,1,1,2,1,631957157,low,0
12/12/22 14:53,12/12/22 14:59,0,97.97.31.17,100,325,1,12/12/22 14:59,R_3MF3emeOvJMs3QG,,,,,28.0791,-82.5245,anonymous,EN,0.641,77.048,77.458,14,,1.818,39.032,39.743,5,2,3,3,4,5,5,4,3,3,2,38,4,10,3,6,1,2,1,653463719,high,1
12/12/22 14:59,12/12/22 15:02,0,70.115.148.88,100,223,1,12/12/22 15:02,R_12MDEFNzyOtT7SD,,,,,30.3773,-97.71,anonymous,EN,0,0,63.846,0,,7.645,7.645,29.655,1,4,4,4,4,4,7,7,4,4,2,41,3,3,1,3,3,2,2,624744383,low,0
12/12/22 15:01,12/12/22 15:03,0,73.33.94.19,100,164,1,12/12/22 15:03,R_1mEMtPCJM3c7LlF,,,,,40.8125,-74.2134,anonymous,EN,3.183,3.183,31.281,1,,1.9,41.403,46.8,8,4,4,4,4,6,6,5,2,2,1,38,5,10,3,5,3,2,4,922051727,high,1
12/12/22 15:27,12/12/22 15:29,0,108.216.233.46,100,145,1,12/12/22 15:29,R_3knZnXzOgQy6qWy,,,,,29.8639,-90.1067,anonymous,EN,0,0,40.185,0,,1.331,1.331,20.229,1,7,4,4,4,5,7,7,1,3,1,60,5,4,2,7,2,2,1,415921006,low,0