StartDate,EndDate,Status,IPAddress,Progress,Duration (in seconds),Finished,RecordedDate,ResponseId,RecipientLastName,RecipientFirstName,RecipientEmail,ExternalReference,LocationLatitude,LocationLongitude,DistributionChannel,UserLanguage,check_1,check_2,check_3,med_trust,med_trustworthy,med_safe,Q32_First Click,Q32_Last Click,Q32_Page Submit,Q32_Click Count,dv_willingness,Q33_First Click,Q33_Last Click,Q33_Page Submit,Q33_Click Count,general_familarity,general_attitudes,econ,econ_inequality,gender,age,edu,income,social_class,ideology_1,affiliation,hispanic,ethinicity,mTurkCode,inequality_des,inequality
12/15/22 11:13,12/15/22 11:14,0,162.27.12.131,100,103,1,12/15/22 11:14,R_UaxD4SJhzILvzSF,,,,,41.9199,-88.3075,anonymous,EN,6,6,6,5,5,5,1.379,11.455,27.708,6,5,10.865,10.865,12.579,1,5,6,4,4,1,45,5,11,4,5,2,2,1,772575513,high,1
12/15/22 11:13,12/15/22 11:14,0,98.24.153.185,100,102,1,12/15/22 11:14,R_8k2ylbqb8NOFdcJ,,,,,35.2494,-81.3812,anonymous,EN,5,5,4,3,3,3,1.654,1.654,12.89,1,5,9.9,9.9,10.872,1,6,4,3,4,1,38,5,5,2,6,2,2,1,62882497,low,0
12/15/22 11:13,12/15/22 11:14,0,163.116.147.34,100,108,1,12/15/22 11:14,R_3dR2KtcxvM198en,,,,,39.7388,-104.9868,anonymous,EN,4,3,4,4,4,5,0.793,11.713,13.218,4,4,6.872,6.872,12.053,1,4,4,3,3,1,36,6,12,3,4,3,2,1,136897820,low,0
12/15/22 11:13,12/15/22 11:15,0,72.92.48.92,100,111,1,12/15/22 11:15,R_ymPX8i3f5yQbeIV,,,,,40.1809,-75.2156,anonymous,EN,5,4,5,3,4,4,1.261,9.846,13.032,4,3,0.955,11.564,12.971,10,2,3,2,3,1,35,4,9,2,4,3,2,1,821184491,high,1
12/15/22 11:13,12/15/22 11:15,0,43.225.189.83,100,112,1,12/15/22 11:15,R_3kFERQpWmdeM0hj,,,,,42.3562,-71.0631,anonymous,EN,5,6,3,6,5,6,0.985,0.985,18.408,1,6,2.574,2.574,4.765,1,6,5,4,5,1,35,5,7,3,5,2,2,2,933360334,low,0
12/15/22 11:13,12/15/22 11:15,0,67.10.81.157,100,90,1,12/15/22 11:15,R_2CKxT1ARgUBO1YN,,,,,25.9729,-97.4695,anonymous,EN,2,2,2,4,4,4,0.811,0.811,13.223,1,4,25.129,25.489,26.639,2,1,1,2,2,2,30,3,3,2,6,3,1,,960712546,high,1
12/15/22 11:13,12/15/22 11:15,0,97.124.244.83,100,102,1,12/15/22 11:15,R_2TmWhhTRzg52Yo8,,,,,33.4602,-112.1334,anonymous,EN,4,4,4,4,4,5,1.375,1.375,13.318,1,4,8.823,8.823,9.575,1,6,5,2,2,1,39,3,5,3,4,3,2,1,948210806,low,0
12/15/22 11:13,12/15/22 11:15,0,173.19.19.149,100,151,1,12/15/22 11:15,R_22y5iEUNnBaIFQr,,,,,41.4681,-86.4744,anonymous,EN,3,3,3,4,4,5,1.935,3.69,13.357,2,5,28.583,28.927,29.731,2,3,4,2,2,2,39,5,11,2,4,3,2,1,223807493,high,1
12/15/22 11:13,12/15/22 11:15,0,107.181.202.217,100,106,1,12/15/22 11:15,R_Y00TLx9GAhoqURX,,,,,43.6055,-84.7796,anonymous,EN,3,3,3,6,6,5,2.498,12.894,13.502,3,6,15.817,15.817,16.473,1,7,5,3,3,1,23,5,1,2,7,2,2,1,831805475,low,0
12/15/22 11:13,12/15/22 11:15,0,66.176.72.219,100,146,1,12/15/22 11:15,R_33wCztOvom27jxR,,,,,26.0162,-80.1955,anonymous,EN,5,5,6,4,4,4,1.984,2.649,13.728,2,1,0.776,18.874,20.385,2,7,4,3,3,1,30,5,7,3,4,3,1,,744977414,low,0
12/15/22 11:14,12/15/22 11:15,0,98.224.139.163,100,77,1,12/15/22 11:15,R_2UgWp5mBeRCgbys,,,,,42.2385,-83.1783,anonymous,EN,3,5,4,3,2,5,1.279,12.069,12.647,5,6,0.262,2.128,3.562,5,4,3,4,4,1,27,5,3,2,6,2,2,1,241262123,high,1
12/15/22 11:13,12/15/22 11:15,0,73.103.48.115,100,135,1,12/15/22 11:15,R_2YAqds33DuJkCKC,,,,,40.0623,-86.0585,anonymous,EN,3,5,3,5,6,6,1.489,1.489,13.096,1,4,11.152,11.152,12.042,1,5,5,2,2,2,28,3,6,3,5,2,2,1,879746464,high,1
12/15/22 11:14,12/15/22 11:15,0,68.129.200.30,100,97,1,12/15/22 11:15,R_esAxnZxOn9TKDSN,,,,,40.7428,-73.9712,anonymous,EN,4,4,4,6,4,4,1.257,1.257,12.816,1,5,8.704,10.606,11.3,4,5,5,2,2,1,33,6,4,3,6,3,2,6,378043011,low,0
12/15/22 11:14,12/15/22 11:15,0,73.56.174.36,100,103,1,12/15/22 11:15,R_6s7FlWjQhnAoz0l,,,,,25.7552,-80.2293,anonymous,EN,6,6,6,5,5,4,1.777,12.783,12.967,11,5,12.42,12.42,13.323,1,7,5,3,3,1,26,5,11,3,3,3,1,,178584457,high,1
12/15/22 11:14,12/15/22 11:15,0,50.217.98.143,100,80,1,12/15/22 11:15,R_2BtFvz47ZJK9u4o,,,,,40.0619,-74.9987,anonymous,EN,4,4,5,4,5,5,1.193,6.72,14.728,2,2,3.955,3.955,4.793,1,2,4,2,2,1,36,5,12,3,2,1,2,1,319798531,low,0
12/15/22 11:13,12/15/22 11:16,0,24.210.56.65,100,153,1,12/15/22 11:16,R_29bKospY6LhqUE1,,,,,40.0457,-83.0721,anonymous,EN,6,6,6,6,6,6,1.352,3.45,21.392,3,3,15.677,16.359,17.321,2,5,3,3,3,2,33,4,1,2,6,2,2,1,409833478,high,1
12/15/22 11:14,12/15/22 11:16,0,76.129.200.175,100,122,1,12/15/22 11:16,R_2S6pOWjhRWjJ6iF,,,,,35.9875,-84.1168,anonymous,EN,5,5,5,6,6,4,1.427,1.427,15.983,1,6,8.73,10.851,11.649,2,6,7,4,3,1,47,2,4,3,3,1,2,1,704958155,high,1
12/15/22 11:14,12/15/22 11:16,0,99.101.177.40,100,110,1,12/15/22 11:16,R_12l0UJceiIXnRz2,,,,,42.3667,-88.0925,anonymous,EN,7,7,6,4,4,5,1.929,5.201,13.001,6,6,17.026,17.026,17.755,1,5,7,2,5,1,40,2,5,1,6,3,2,1,835853380,high,1
12/15/22 11:14,12/15/22 11:16,0,72.68.192.46,100,80,1,12/15/22 11:16,R_sMRfCNKqPxzwFBn,,,,,40.7123,-74.0068,anonymous,EN,6,5,4,4,5,4,1.735,1.735,13.297,1,4,4.586,4.586,5.531,1,5,6,3,3,1,27,6,5,3,2,1,2,1,423867031,low,0
12/15/22 11:14,12/15/22 11:16,0,8.22.64.210,100,107,1,12/15/22 11:16,R_2c5DLeCfOeJH4f7,,,,,34.8627,-82.3186,anonymous,EN,4,2,4,2,3,4,1.918,1.918,13.801,1,6,6.37,7.483,8.175,2,5,6,4,4,1,30,5,10,3,2,1,2,1,574201576,high,1
12/15/22 11:14,12/15/22 11:16,0,74.82.10.100,100,123,1,12/15/22 11:16,R_vCeJHmo23rBUR33,,,,,39.9705,-111.8129,anonymous,EN,5,5,5,2,4,5,0.968,7.088,12.914,3,2,15.29,18.365,19.258,3,5,4,2,2,2,39,5,8,2,3,3,2,1,890467702,low,0
12/15/22 11:14,12/15/22 11:16,0,155.190.3.5,100,119,1,12/15/22 11:16,R_3qkBkBTkC3lFG5F,,,,,34.074,-118.2611,anonymous,EN,4,4,4,5,5,5,1.412,1.412,16.09,1,7,11.375,11.375,12.036,1,6,6,3,3,2,47,6,11,3,3,1,2,6,578707186,low,0
12/15/22 11:14,12/15/22 11:16,0,184.182.106.193,100,136,1,12/15/22 11:16,R_3ND8esmczkGfV44,,,,,36.2038,-115.2255,anonymous,EN,6,6,6,4,4,4,1.12,11.715,12.974,4,5,6.708,24.406,25.183,3,7,6,2,2,2,38,2,7,2,3,3,1,,737405051,high,1
12/15/22 11:13,12/15/22 11:16,0,98.26.146.87,100,168,1,12/15/22 11:16,R_QmJilgyClRCPBHr,,,,,35.7343,-79.7916,anonymous,EN,7,7,7,4,4,4,1.662,1.662,32.524,1,2,21.156,21.156,22.454,1,2,2,3,3,2,36,5,4,1,5,4,2,1,508592985,high,1
12/15/22 11:13,12/15/22 11:16,0,24.1.2.110,100,153,1,12/15/22 11:16,R_2wQzCVcHuumdmDR,,,,,41.6984,-88.0825,anonymous,EN,3,3,3,4,5,4,5.226,10.129,14.207,2,6,16.738,16.738,19.458,1,6,6,3,3,1,35,4,8,3,7,2,2,1,813940520,low,0
12/15/22 11:14,12/15/22 11:16,0,76.121.211.194,100,115,1,12/15/22 11:16,R_3GlcBZLTCBzmWOp,,,,,47.6144,-122.3447,anonymous,EN,7,7,7,6,6,5,1.723,1.723,13.313,1,5,9.449,9.449,10.077,1,6,5,3,3,1,30,6,12,4,6,2,2,1,179474164,high,1
12/15/22 11:13,12/15/22 11:16,0,164.83.115.59,100,184,1,12/15/22 11:16,R_2rNkyOrT022bPDH,,,,,40.0321,-82.9092,anonymous,EN,4,4,4,5,5,6,2.409,8.246,20.394,4,5,1.016,16.793,21.199,3,6,6,3,4,1,50,5,11,3,4,3,2,1,847878742,low,0
12/15/22 11:13,12/15/22 11:16,0,199.87.3.15,100,186,1,12/15/22 11:16,R_3F4gX4LOOCHpUaP,,,,,41.5382,-72.8008,anonymous,EN,4,4,4,3,3,3,2.106,3.162,13.427,2,5,29.85,29.85,33.948,1,5,4,2,2,1,42,3,5,2,3,1,2,1,340773866,low,0
12/15/22 11:14,12/15/22 11:16,0,162.83.165.15,100,111,1,12/15/22 11:16,R_2eUQIwlBdzPSPzG,,,,,40.6115,-74.0156,anonymous,EN,3,3,4,5,5,5,1.262,1.262,13.186,1,6,8.38,8.38,9.313,1,6,6,2,2,1,31,6,12,3,7,2,2,4,28897885,low,0
12/15/22 11:13,12/15/22 11:16,0,74.128.165.2,100,209,1,12/15/22 11:16,R_pSgGiRZZVNWsuf7,,,,,39.0545,-84.4761,anonymous,EN,4,5,4,4,6,3,0.973,0.973,24.44,1,5,4.803,4.803,5.559,1,4,5,2,2,2,33,5,12,3,2,1,2,1,885083362,high,1
12/15/22 11:14,12/15/22 11:16,0,76.152.143.52,100,106,1,12/15/22 11:16,R_AHEmoC58pWwilrP,,,,,41.3136,-72.9272,anonymous,EN,2,2,3,4,4,4,1.978,11.804,13.084,4,3,17.601,18.257,19.143,2,7,3,3,3,2,54,6,5,1,1,3,2,1,855308442,high,1
12/15/22 11:14,12/15/22 11:16,0,206.74.105.224,100,106,1,12/15/22 11:16,R_2f1yptZLGvOI89X,,,,,34.1852,-82.3778,anonymous,EN,6,6,6,4,4,4,2.595,2.595,13.1,1,5,14.818,14.818,17.822,1,5,6,3,3,2,58,5,6,3,7,2,2,1,138477864,high,1
12/15/22 11:13,12/15/22 11:16,0,70.187.7.232,100,210,1,12/15/22 11:16,R_2WMuq2dyZBUH1EL,,,,,41.2132,-96.1668,anonymous,EN,5,5,5,5,5,4,1.368,13.471,14.262,3,2,12.919,12.919,14.092,1,5,2,3,3,1,55,5,10,4,3,3,2,1,904005435,low,0
12/15/22 11:14,12/15/22 11:16,0,174.81.131.236,100,107,1,12/15/22 11:16,R_2ZQ5As9DUTxomof,,,,,33.4355,-86.1131,anonymous,EN,3,3,3,5,5,6,1.35,1.886,13.491,2,4,10.69,10.69,11.51,1,7,4,2,2,2,36,6,8,3,6,2,2,1,594432747,low,0
12/15/22 11:14,12/15/22 11:16,0,97.85.193.191,100,145,1,12/15/22 11:16,R_2AMRLDj9mgVTe4v,,,,,39.7038,-91.3841,anonymous,EN,6,6,6,5,5,5,1.732,1.732,13.589,1,2,18.991,18.991,20.14,1,6,6,3,3,1,65,6,6,3,4,2,2,1,948715107,high,1
12/15/22 11:14,12/15/22 11:16,0,45.24.66.214,100,117,1,12/15/22 11:16,R_1oGereSPKwEer6u,,,,,32.7691,-96.6053,anonymous,EN,3,2,3,5,5,6,1.238,6.098,39.187,6,6,4.291,6.851,8.011,12,4,4,2,3,1,34,5,4,2,3,1,2,1,962145287,low,0
12/15/22 11:13,12/15/22 11:16,0,71.117.136.72,100,211,1,12/15/22 11:16,R_1QmHemsbWt8M6zZ,,,,,41.7756,-71.3568,anonymous,EN,7,7,7,3,3,3,3.48,3.48,15.74,1,1,20.153,20.153,49.187,1,7,5,2,2,2,48,3,9,3,4,2,2,1,118052858,high,1
12/15/22 11:14,12/15/22 11:16,0,76.238.185.154,100,149,1,12/15/22 11:16,R_sujNT7R6GgySQnL,,,,,29.7223,-95.6285,anonymous,EN,6,7,7,4,4,3,1.125,1.125,58.661,1,7,2.412,17.191,17.727,4,7,7,3,3,2,30,6,8,3,6,3,2,1,574036903,high,1
12/15/22 11:15,12/15/22 11:16,0,47.224.0.171,100,105,1,12/15/22 11:16,R_xheaho368Pc7Aw9,,,,,44.2504,-85.43,anonymous,EN,4,4,3,5,5,6,1.686,11.646,13.467,2,4,6.129,6.129,7.289,1,2,4,3,3,1,46,5,5,3,5,2,2,1,502116568,high,1
12/15/22 11:14,12/15/22 11:16,0,74.197.192.146,100,147,1,12/15/22 11:16,R_5auUyEHsx99mIs9,,,,,35.982,-96.7442,anonymous,EN,3,3,3,3,3,5,1.581,11.286,13.589,5,6,2.188,37.026,37.943,5,6,6,5,4,1,59,5,5,3,4,4,2,1,830340380,low,0
12/15/22 11:13,12/15/22 11:16,0,73.126.89.84,100,186,1,12/15/22 11:16,R_2tnIn2SYPvFbg6p,,,,,42.2803,-71.25,anonymous,EN,7,7,1,7,7,7,1.878,4.609,17.359,2,7,48.726,50.783,56.218,2,7,6,5,5,2,59,6,5,5,7,2,2,1,405547564,high,1
12/15/22 11:14,12/15/22 11:16,0,85.12.61.136,100,150,1,12/15/22 11:16,R_3Mmzk3cnYhW1oGT,,,,,39.018,-77.539,anonymous,EN,4,5,4,5,4,5,1.746,1.746,32.022,1,5,7.923,7.923,8.992,1,6,5,3,4,1,37,5,6,3,4,3,2,2,903399498,low,0
12/15/22 11:14,12/15/22 11:16,0,35.137.77.88,100,141,1,12/15/22 11:16,R_1oHbuyPouBL1fnS,,,,,28.2987,-82.6902,anonymous,EN,7,7,7,5,5,6,3.436,3.436,13.981,1,6,16.852,16.852,18.189,1,2,4,3,4,2,35,1,6,2,4,2,2,1,254721600,high,1
12/15/22 11:14,12/15/22 11:17,0,99.0.107.91,100,125,1,12/15/22 11:17,R_1Ft8AXZu4jU4JK4,,,,,29.5554,-81.2207,anonymous,EN,3,3,3,5,5,5,1.078,1.078,13.912,1,5,14.044,14.044,15.984,1,7,7,3,3,1,32,4,7,2,6,2,2,1,998728508,low,0
12/15/22 11:14,12/15/22 11:17,0,98.176.243.192,100,167,1,12/15/22 11:17,R_3pojR8gDDjUvvr3,,,,,33.1661,-117.0932,anonymous,EN,3,3,3,5,5,4,1.829,7.801,13.894,2,5,16.321,16.972,35.993,2,6,4,3,3,2,51,5,7,3,5,2,2,1,142784278,low,0
12/15/22 11:14,12/15/22 11:17,0,108.67.76.206,100,125,1,12/15/22 11:17,R_vZyV11xa9R9Wm3f,,,,,35.6173,-87.0317,anonymous,EN,6,5,2,4,5,4,3.813,3.813,15.512,1,4,4.181,4.181,6.062,1,7,5,4,5,2,32,4,5,3,1,1,2,1,963555699,low,0
12/15/22 11:15,12/15/22 11:17,0,208.200.7.52,100,117,1,12/15/22 11:17,R_1QrwAOu5eXKr5XN,,,,,45.5496,-122.5044,anonymous,EN,6,4,2,6,4,5,1.326,15.348,17.396,2,5,4.491,6.339,7.629,2,4,6,4,3,2,41,3,8,3,3,2,1,,239638546,high,1
12/15/22 11:14,12/15/22 11:17,0,73.244.216.104,100,134,1,12/15/22 11:17,R_7aEz3HhYaDK90SR,,,,,25.7588,-80.1963,anonymous,EN,7,7,7,2,2,3,1.538,10.314,12.885,4,3,11.845,11.845,12.746,1,6,6,1,1,1,31,3,2,2,4,2,1,,556087686,high,1
12/15/22 11:15,12/15/22 11:17,0,174.49.109.3,100,104,1,12/15/22 11:17,R_2zpg1lYYakJHScw,,,,,34.2319,-84.1627,anonymous,EN,3,3,3,6,6,6,1.108,1.108,13.835,1,5,9.007,9.007,10.047,1,3,3,4,4,1,40,5,10,3,3,1,2,1,130499904,low,0
12/15/22 11:14,12/15/22 11:17,0,137.25.176.160,100,164,1,12/15/22 11:17,R_XunbDR2mePRyQX7,,,,,34.1354,-117.599,anonymous,EN,4,4,4,5,5,4,2.279,11.259,15.481,5,3,17.126,17.126,17.909,1,5,6,4,4,1,31,5,11,3,3,3,2,1,718143383,high,1
12/15/22 11:14,12/15/22 11:17,0,50.33.244.139,100,146,1,12/15/22 11:17,R_1HhKb9HrHX7jUx4,,,,,43.2369,-86.1951,anonymous,EN,4,3,4,5,5,5,16.729,16.729,17.848,1,3,6.985,7.76,8.711,2,7,4,3,3,2,32,5,11,3,3,1,2,1,920056166,low,0
12/15/22 11:15,12/15/22 11:17,0,108.237.12.92,100,125,1,12/15/22 11:17,R_1OGMzt6ShDEGj4O,,,,,41.946,-87.7033,anonymous,EN,7,7,7,5,5,5,0.559,19.236,19.337,10,7,5.921,6.835,7.202,2,4,4,3,3,1,34,5,12,3,6,3,2,1,630252105,high,1
12/15/22 11:14,12/15/22 11:17,0,174.48.196.53,100,141,1,12/15/22 11:17,R_1CfMqYy4PkepNQN,,,,,26.3106,-80.1429,anonymous,EN,7,7,7,4,4,3,2.667,2.667,13.748,1,7,15.404,16.152,16.803,2,7,6,2,4,2,61,4,5,1,7,2,2,1,72777274,high,1
12/15/22 11:15,12/15/22 11:17,0,173.79.38.208,100,111,1,12/15/22 11:17,R_3Ny3ZagvTVDts6n,,,,,39.0828,-77.1674,anonymous,EN,6,6,6,4,4,5,1.054,12.965,13.257,6,5,2.447,5.531,8.726,6,7,6,3,2,1,35,5,10,3,4,2,2,1,424035127,high,1
12/15/22 11:14,12/15/22 11:17,0,99.75.53.174,100,160,1,12/15/22 11:17,R_2eP7WQjvSUl6WVf,,,,,42.0003,-88.1422,anonymous,EN,2,2,3,6,6,6,2.167,3.574,23.953,2,7,5.523,7.435,8.51,4,6,5,2,2,1,28,4,7,2,7,2,2,4,39691996,low,0
12/15/22 11:14,12/15/22 11:17,0,67.245.42.244,100,182,1,12/15/22 11:17,R_5mPXPkcO3NIgKc1,,,,,40.7009,-73.9461,anonymous,EN,5,5,5,4,4,4,1.95,1.95,14.552,1,3,2.46,24.428,26.205,7,6,4,2,2,2,41,6,1,1,4,3,2,1,855947267,high,1
12/15/22 11:15,12/15/22 11:17,0,73.216.98.251,100,123,1,12/15/22 11:17,R_C8rby9vkiRj7YUF,,,,,38.4555,-77.4326,anonymous,EN,3,3,2,6,6,6,1.352,1.352,14.001,1,3,10.808,16.279,18.926,4,5,3,2,3,2,27,4,11,4,7,2,2,1,397322762,low,0
12/15/22 11:14,12/15/22 11:17,0,96.27.85.56,100,180,1,12/15/22 11:17,R_dhthQHRyEriW7qF,,,,,42.1382,-83.2179,anonymous,EN,3,4,3,4,4,4,5.783,5.783,14.129,1,5,18.506,18.506,19.77,1,7,5,3,3,1,42,5,5,2,5,3,2,1,17734720,low,0
12/15/22 11:14,12/15/22 11:17,0,97.124.2.252,100,175,1,12/15/22 11:17,R_1K2PZQ7D9951csd,,,,,33.3875,-111.8507,anonymous,EN,6,6,6,3,3,3,2.298,2.298,100.422,1,4,14.117,14.117,14.869,1,5,4,5,5,1,39,5,4,3,1,1,2,1,966169925,high,1
12/15/22 11:15,12/15/22 11:17,0,47.160.148.122,100,141,1,12/15/22 11:17,R_XT9dOhqdYjGbW4V,,,,,29.5183,-95.0977,anonymous,EN,5,5,4,5,5,3,2.946,2.946,25.334,1,3,17.776,17.776,19.517,1,7,6,2,2,1,52,7,11,3,2,1,2,1,14995899,low,0
12/15/22 11:14,12/15/22 11:17,0,73.173.189.143,100,177,1,12/15/22 11:17,R_2pYJFI3Rdp0fovS,,,,,39.5257,-77.9716,anonymous,EN,3,3,3,5,5,6,4.456,13.848,16.203,4,7,23.962,23.962,24.815,1,6,5,3,4,1,57,5,6,1,5,3,2,6,748606933,low,0
12/15/22 11:14,12/15/22 11:17,0,70.177.92.249,100,187,1,12/15/22 11:17,R_b3I4gxM0ZKjlk8V,,,,,36.0293,-95.9343,anonymous,EN,5,5,3,6,6,6,3.971,3.971,13.358,1,5,23.087,26.61,27.646,2,4,5,4,4,1,71,4,5,3,5,4,2,1,627518031,low,0
12/15/22 11:15,12/15/22 11:17,0,67.165.37.195,100,139,1,12/15/22 11:17,R_2X4GLTjgWDpgJQq,,,,,40.2692,-80.1611,anonymous,EN,5,5,6,5,5,4,1.778,1.778,13.415,1,2,15.952,20.436,24.928,3,3,4,2,2,2,45,5,9,2,1,1,2,1,584686860,high,1
12/15/22 11:15,12/15/22 11:17,0,35.143.171.220,100,125,1,12/15/22 11:17,R_2uEyOYdhDJwETyq,,,,,28.834,-82.2822,anonymous,EN,5,6,6,4,4,5,2.259,2.291,13.075,2,3,11.391,13.643,14.689,2,7,6,2,3,1,45,5,5,3,2,1,2,1,110228895,high,1
12/15/22 11:14,12/15/22 11:17,0,72.110.24.150,100,190,1,12/15/22 11:17,R_3iy8sKZt49PwRmJ,,,,,32.8666,-96.9927,anonymous,EN,5,4,5,4,4,5,3.6,3.6,26.304,1,4,15.837,15.837,17.712,1,3,4,3,3,2,37,6,8,3,6,2,2,1,74869547,high,1
12/15/22 11:14,12/15/22 11:17,0,98.19.139.161,100,156,1,12/15/22 11:17,R_2UhgND0n1S2GCrR,,,,,41.4078,-92.9172,anonymous,EN,7,7,7,3,4,4,2.177,3.531,34.162,4,6,11.977,13.114,13.973,3,3,4,4,4,1,52,5,8,3,4,3,2,1,641491454,high,1
12/15/22 11:14,12/15/22 11:17,0,208.188.37.121,100,165,1,12/15/22 11:17,R_24wwES0QcTiOF6k,,,,,36.4566,-86.6638,anonymous,EN,4,4,5,5,5,5,2.141,2.141,13.89,1,5,6.297,18.908,20.269,8,7,6,3,3,1,44,4,11,3,1,1,2,1,821795425,low,0
12/15/22 11:15,12/15/22 11:17,0,160.3.227.114,100,152,1,12/15/22 11:17,R_1Q6rKNqo7t7HbHU,,,,,31.4105,-109.9157,anonymous,EN,6,6,6,5,5,5,1.968,1.968,13.694,1,6,14.393,14.393,23.726,1,6,6,2,2,1,57,5,1,1,5,4,2,1,557666734,low,0
12/15/22 11:15,12/15/22 11:17,0,173.216.86.73,100,135,1,12/15/22 11:17,R_2EsJnnqVoqp5IKe,,,,,35.2878,-93.1296,anonymous,EN,5,4,4,6,6,6,2.271,9.2,13.212,3,5,14.786,14.786,15.912,1,2,7,2,2,1,31,3,4,2,3,3,2,1,807759020,high,1
12/15/22 11:14,12/15/22 11:17,0,23.118.151.32,100,183,1,12/15/22 11:17,R_3dQYOUAYH3zmQGO,,,,,39.7232,-85.9979,anonymous,EN,6,7,7,4,4,3,2.14,11.085,13.429,4,5,18.97,25.898,26.835,2,5,6,3,3,2,91,5,6,3,2,1,2,1,824470006,high,1
12/15/22 11:14,12/15/22 11:17,0,99.135.104.218,100,173,1,12/15/22 11:17,R_2zzP9T8BqNwqsB3,,,,,34.111,-84.3025,anonymous,EN,3,3,2,5,5,5,2.907,2.907,13.474,1,5,19.22,19.22,20.892,1,6,4,3,3,2,58,5,7,3,3,1,2,1,499277115,low,0
12/15/22 11:14,12/15/22 11:17,0,76.101.170.121,100,167,1,12/15/22 11:17,R_OlkFvDsAlqPTGql,,,,,26.4696,-81.8132,anonymous,EN,2,2,2,6,6,6,2.977,2.977,13.199,1,2,14.744,14.744,15.426,1,6,1,5,4,1,56,5,12,3,2,1,2,1,315673804,low,0
12/15/22 11:15,12/15/22 11:17,0,67.182.137.40,100,146,1,12/15/22 11:17,R_pgTDP6xPALQoFjz,,,,,47.6631,-122.3029,anonymous,EN,3,3,3,6,6,6,1.787,1.787,13.647,1,7,12.727,12.727,13.821,1,2,4,3,4,1,69,3,3,2,6,2,2,1,580173171,low,0
12/15/22 11:15,12/15/22 11:17,0,147.136.126.24,100,153,1,12/15/22 11:17,R_uacIBSnyecwyfT3,,,,,34.6029,-87.0875,anonymous,EN,5,5,5,6,6,5,2.916,2.916,13.378,1,6,1.03,19.202,20.433,2,5,6,3,3,2,54,5,8,2,4,3,2,1,685499755,low,0
12/15/22 11:13,12/15/22 11:17,0,67.4.128.97,100,282,1,12/15/22 11:17,R_2WJ8YaUeweafFHR,,,,,45.0001,-93.0986,anonymous,EN,6,6,6,6,6,6,2.934,2.934,21.719,1,1,33.162,33.162,36.73,1,7,4,2,5,1,59,4,2,1,4,3,2,6,400896369,high,1
12/15/22 11:14,12/15/22 11:17,0,24.112.119.94,100,207,1,12/15/22 11:17,R_XByYBIIsLdHGgnL,,,,,31.2325,-82.3764,anonymous,EN,2,2,2,6,6,7,1.778,12.146,13.274,4,7,10.878,10.878,11.903,1,5,6,2,2,2,35,2,3,1,3,3,2,1,962556557,low,0
12/15/22 11:15,12/15/22 11:17,0,70.127.141.135,100,143,1,12/15/22 11:18,R_12kYahPjOoCW7Ys,,,,,27.9028,-82.7153,anonymous,EN,4,4,4,3,4,3,2.395,2.395,13.091,1,1,12.783,28.131,28.817,3,7,5,3,3,2,71,3,6,3,1,1,2,1,303508679,low,0
12/15/22 11:14,12/15/22 11:18,0,96.236.226.84,100,228,1,12/15/22 11:18,R_xbaT1bEzZiyBK5r,,,,,40.4325,-79.863,anonymous,EN,3,3,3,5,5,6,1.27,1.27,13.477,1,5,31.711,31.711,32.75,1,3,3,2,3,2,33,5,4,2,7,3,2,1,819418256,low,0
12/15/22 11:16,12/15/22 11:18,0,207.229.149.84,100,99,1,12/15/22 11:18,R_1U0cMEwjuvZsAg1,,,,,42.055,-87.6951,anonymous,EN,4,5,3,3,3,5,1.737,13.002,13.429,2,5,8.826,8.826,9.566,1,7,7,4,3,1,34,5,5,3,7,2,2,1,465568321,high,1
12/15/22 11:15,12/15/22 11:18,0,208.221.41.202,100,176,1,12/15/22 11:18,R_2Y5Gg6s1yZRINDJ,,,,,39.2151,-76.754,anonymous,EN,5,6,5,6,7,6,2.873,2.873,14.323,1,7,24.23,26.521,27.31,3,7,7,4,3,2,37,6,8,4,5,1,2,1,601209533,high,1
12/15/22 11:16,12/15/22 11:18,0,68.49.80.16,100,97,1,12/15/22 11:18,R_yOnCDp8EVTlsjGV,,,,,42.587,-83.2334,anonymous,EN,4,3,4,4,4,4,0.452,6.755,13.338,4,5,2.187,12.362,13.491,3,6,4,2,2,1,30,5,5,2,5,3,2,4,215135979,low,0
12/15/22 11:14,12/15/22 11:18,0,73.80.112.3,100,229,1,12/15/22 11:18,R_2theutpKftStkJL,,,,,39.9464,-75.0517,anonymous,EN,4,4,4,4,4,4,2.11,13.502,14.232,9,4,19.404,21.539,23.489,2,5,4,2,3,1,27,2,1,2,4,3,2,1,987286105,low,0
12/15/22 11:15,12/15/22 11:18,0,76.5.96.47,100,179,1,12/15/22 11:18,R_3qWOaPDb3ovhbyv,,,,,40.2389,-77.1935,anonymous,EN,6,7,7,5,5,5,2.105,3.414,15.03,2,6,1.54,17.246,18.276,2,4,5,3,3,2,41,5,5,3,4,3,2,1,850219774,high,1
12/15/22 11:15,12/15/22 11:18,0,173.28.134.39,100,198,1,12/15/22 11:18,R_1mnm3875ByJAamw,,,,,32.5607,-84.8573,anonymous,EN,5,5,5,5,5,4,1.934,10.046,26.235,4,6,12.886,13.878,15.181,2,5,4,3,2,1,38,2,4,2,4,3,2,1,898710548,high,1
12/15/22 11:16,12/15/22 11:18,0,98.40.27.16,100,91,1,12/15/22 11:18,R_6nuqUDTIWuzyAgN,,,,,35.9875,-84.1168,anonymous,EN,2,1,2,4,4,5,1.569,13.177,13.67,2,2,9.385,9.801,10.592,2,6,4,3,2,2,33,3,6,2,1,1,2,1,685725390,low,0
12/15/22 11:16,12/15/22 11:18,0,67.3.174.181,100,110,1,12/15/22 11:18,R_22KdMTnZGon93aA,,,,,41.2592,-96.1722,anonymous,EN,5,5,5,4,4,6,3.708,9.609,13.126,2,2,9.711,14.458,17.724,2,6,1,3,3,1,34,5,6,2,5,2,2,1,781347337,high,1
12/15/22 11:15,12/15/22 11:18,0,73.58.84.39,100,207,1,12/15/22 11:18,R_1Nz68Z6mX9rYutE,,,,,34.7346,-92.273,anonymous,EN,4,4,4,4,4,4,1.062,1.445,13.07,2,4,41.936,45.243,46.696,4,7,4,2,2,2,22,2,8,3,6,2,2,1,690853393,low,0
12/15/22 11:15,12/15/22 11:18,0,64.175.79.142,100,213,1,12/15/22 11:18,R_12zrrDWqRrC8DTV,,,,,28.5464,-81.2585,anonymous,EN,4,4,4,4,4,4,1.607,11.525,13.655,5,4,1.387,24.851,25.505,8,7,4,3,3,2,49,3,1,1,6,1,2,1,998540828,high,1
12/15/22 11:15,12/15/22 11:19,0,107.205.70.251,100,226,1,12/15/22 11:19,R_1kXoQhYKStG6fVv,,,,,38.9093,-90.16,anonymous,EN,4,5,4,5,6,6,3.728,3.728,13.802,1,5,33.879,33.879,35.235,1,5,6,3,4,1,31,5,8,3,2,2,2,4,656243237,high,1
12/15/22 11:16,12/15/22 11:19,0,202.182.68.197,100,157,1,12/15/22 11:19,R_33suHanVX0Ge20X,,,,,40.7123,-74.0068,anonymous,EN,5,4,3,6,5,5,1.294,5.227,13.247,2,6,3.133,5.611,12.965,2,5,4,4,3,1,61,6,10,3,6,2,2,1,338203048,high,1
12/15/22 11:16,12/15/22 11:19,0,99.56.119.227,100,171,1,12/15/22 11:19,R_2CHdUxIYNA6euty,,,,,29.8738,-95.5233,anonymous,EN,2,2,3,6,6,6,1.359,7.647,12.836,2,5,20.058,20.058,20.943,1,2,4,3,3,1,56,6,5,3,4,1,2,1,346470946,low,0
12/15/22 11:14,12/15/22 11:19,0,47.154.27.253,100,266,1,12/15/22 11:19,R_3JzoCZLFOjioYuZ,,,,,34.0385,-118.5051,anonymous,EN,7,7,7,2,3,4,3.588,3.588,16.706,1,5,21.904,21.904,23.386,1,7,5,3,3,1,38,5,11,3,6,3,1,,128411848,high,1
12/15/22 11:16,12/15/22 11:19,0,73.189.147.24,100,171,1,12/15/22 11:19,R_1H7F1tb6SfvYDO9,,,,,38.5463,-122.8047,anonymous,EN,3,4,3,5,5,5,1.623,1.623,22.097,1,5,16.969,16.969,19.04,1,5,6,3,4,1,59,5,4,2,7,2,2,1,915645185,low,0
12/15/22 11:15,12/15/22 11:19,0,74.76.35.23,100,230,1,12/15/22 11:19,R_1C7PwwC6mlhPLkO,,,,,42.88,-73.9913,anonymous,EN,4,7,4,7,7,4,1.098,1.695,35.25,2,7,17.504,17.504,18.456,1,7,7,3,3,2,43,3,8,3,4,2,2,1,298008167,low,0
12/15/22 11:14,12/15/22 11:19,0,184.155.107.68,100,285,1,12/15/22 11:19,R_3ijLv3RDQ0zZgUb,,,,,33.7174,-85.8404,anonymous,EN,6,6,6,4,4,5,9.345,11.431,12.906,2,5,29.368,35.017,36.827,3,6,5,4,3,1,53,3,8,3,3,1,2,1,653154304,high,1
12/15/22 11:17,12/15/22 11:19,0,208.185.97.169,100,139,1,12/15/22 11:19,R_uerLqAhAeRrRUUF,,,,,44.0484,-92.4948,anonymous,EN,6,6,6,4,4,3,1.779,1.779,14.468,1,2,6.368,8.62,9.722,3,5,3,2,2,1,46,7,11,3,2,1,2,4,888419858,low,0
12/15/22 11:17,12/15/22 11:19,0,70.242.68.126,100,114,1,12/15/22 11:19,R_1N8hoE34RzfG4JR,,,,,38.6587,-90.461,anonymous,EN,5,6,5,5,5,6,1.405,12.382,13.278,7,5,15.614,15.614,16.428,1,7,5,5,5,1,44,6,11,4,3,1,2,1,326565729,high,1
12/15/22 11:15,12/15/22 11:19,0,174.247.183.57,100,272,1,12/15/22 11:19,R_3shMUJTpaq5zJVF,,,,,45.4805,-122.6363,anonymous,EN,4,5,5,6,6,6,3.253,3.253,38.186,1,5,2.141,9.387,10.837,2,5,5,3,3,1,49,4,11,3,3,1,2,1,15506071,low,0
12/15/22 11:15,12/15/22 11:19,0,209.159.217.88,100,262,1,12/15/22 11:19,R_02RpRy7mM9ZVGsF,,,,,44.1415,-103.2052,anonymous,EN,5,5,5,4,5,5,2.798,2.798,13.293,1,5,50.721,51.986,52.702,2,5,5,3,4,1,44,5,7,3,3,1,2,1,517219289,high,1
12/15/22 11:17,12/15/22 11:19,0,172.220.238.239,100,121,1,12/15/22 11:19,R_TpBIPxVdRmYXmCd,,,,,35.4666,-79.1758,anonymous,EN,7,7,7,4,4,4,1.526,1.526,12.996,1,2,15.339,15.339,16.579,1,6,4,3,4,2,28,5,5,3,6,2,2,1,399075109,high,1
12/15/22 11:18,12/15/22 11:20,0,76.187.65.25,100,113,1,12/15/22 11:20,R_3EAwEGiowZWczCp,,,,,33.1371,-96.7488,anonymous,EN,3,4,3,5,5,5,2.251,4.371,12.866,5,5,0.529,17.985,18.639,19,5,5,3,3,1,37,3,5,2,6,2,2,1,766340421,low,0
12/15/22 11:14,12/15/22 11:20,0,207.244.71.84,100,349,1,12/15/22 11:20,R_10DllQYcodUdZ1O,,,,,39.6566,-75.5661,anonymous,EN,4,6,5,4,4,4,2.35,6.718,24.752,2,5,10.733,30.746,31.602,4,7,5,3,3,2,30,5,5,3,7,2,2,2,423578835,high,1
12/15/22 11:14,12/15/22 11:20,0,107.115.41.86,100,320,1,12/15/22 11:20,R_1mQrfFEOSQesc2M,,,,,36.2038,-115.2255,anonymous,EN,3,5,2,5,5,6,2.464,10.808,13.306,2,5,21.172,21.172,21.983,1,7,6,2,2,2,43,5,11,3,7,2,2,1,981229937,low,0
12/15/22 11:18,12/15/22 11:20,0,209.128.239.129,100,122,1,12/15/22 11:20,R_1mxXrMT8pvdbUDT,,,,,37.751,-97.822,anonymous,EN,7,7,7,3,3,5,1.457,10.799,13.062,2,6,11.287,11.287,12.579,1,6,6,4,4,1,32,6,11,3,5,2,2,4,965166783,high,1
12/15/22 11:17,12/15/22 11:20,0,73.48.64.116,100,143,1,12/15/22 11:20,R_038GeXxrziSNXrP,,,,,32.0388,-81.1219,anonymous,EN,6,6,6,4,4,5,1.2,67.336,67.491,6,5,3.956,6.287,6.672,4,5,4,3,3,1,27,2,4,1,2,1,2,1,835603279,high,1
12/15/22 11:18,12/15/22 11:20,0,98.206.232.109,100,122,1,12/15/22 11:20,R_24jAgDAbkkVBdDg,,,,,41.7295,-87.8327,anonymous,EN,4,5,2,3,5,6,2.305,2.305,15.516,1,5,3.455,14.225,16.11,4,4,5,4,3,1,57,6,8,3,1,2,2,1,993496749,high,1
12/15/22 11:18,12/15/22 11:20,0,67.212.107.127,100,128,1,12/15/22 11:20,R_T0HGB4l9y83SV4B,,,,,42.5243,-92.4479,anonymous,EN,4,4,4,6,6,6,2.174,2.174,13.117,1,7,21.355,21.355,21.851,1,6,7,3,3,1,34,5,7,3,6,2,2,4,88840665,low,0
12/15/22 11:16,12/15/22 11:20,0,24.128.226.33,100,247,1,12/15/22 11:20,R_DSR3udpH7tkFgYx,,,,,42.6584,-83.2364,anonymous,EN,7,7,6,7,7,6,3.623,3.623,15.195,1,7,26.014,26.014,27.158,1,7,7,5,4,2,41,5,2,3,5,2,2,1,910379913,low,0
12/15/22 11:17,12/15/22 11:20,0,74.65.24.203,100,222,1,12/15/22 11:20,R_1LOOhFlmvhmc6kj,,,,,42.7217,-78.0104,anonymous,EN,4,4,4,4,4,4,2.397,2.397,14.068,1,1,15.611,15.611,17.942,1,5,4,2,2,2,43,3,2,1,7,2,2,1,887621066,low,0
12/15/22 11:18,12/15/22 11:21,0,73.120.178.0,100,187,1,12/15/22 11:21,R_3Gq8zf0DJrHti9S,,,,,28.8554,-81.6873,anonymous,EN,3,3,3,5,5,5,3.191,3.191,13.806,1,5,26.177,29.396,30.407,2,7,7,2,2,2,39,4,1,1,6,2,2,1,847631410,low,0
12/15/22 11:15,12/15/22 11:21,0,23.135.40.45,100,347,1,12/15/22 11:21,R_1QAwCpdUOVqC3rA,,,,,28.5531,-81.7597,anonymous,EN,4,5,2,5,6,5,3.204,3.204,13.278,1,6,30.479,30.479,31.694,1,5,6,3,4,2,40,6,5,4,1,1,2,1,499853386,low,0
12/15/22 11:19,12/15/22 11:21,0,24.127.235.3,100,122,1,12/15/22 11:21,R_3fTZhdX9iJxvJt5,,,,,41.9053,-83.476,anonymous,EN,7,7,7,4,4,5,1.792,13.19,14.654,3,4,12.898,12.898,13.788,1,6,1,4,4,2,38,5,5,2,7,4,2,1,826659079,high,1
12/15/22 11:18,12/15/22 11:21,0,71.200.174.173,100,192,1,12/15/22 11:21,R_2BaPcIu1zmh1LG1,,,,,38.9187,-75.4291,anonymous,EN,2,2,2,4,4,5,3.263,3.263,13.275,1,5,15.966,15.966,17.584,1,5,6,2,2,1,36,5,3,1,6,2,2,1,928651169,low,0
12/15/22 11:19,12/15/22 11:21,0,216.246.222.172,100,153,1,12/15/22 11:21,R_1putHbrrbgToT7J,,,,,34.8064,-88.1945,anonymous,EN,5,5,6,4,4,4,1.514,1.514,12.978,1,4,23.193,23.193,24.199,1,3,5,3,3,2,49,5,7,1,2,1,2,1,901125140,high,1
12/15/22 11:15,12/15/22 11:21,0,97.102.64.218,100,367,1,12/15/22 11:21,R_3HHWKw4pCfDTs0W,,,,,28.0318,-80.5958,anonymous,EN,4,5,4,5,4,6,1.113,3.952,28.698,3,5,2.792,4.782,5.76,2,6,5,3,4,2,29,5,5,3,7,2,2,1,655261334,high,1
12/15/22 11:17,12/15/22 11:21,0,76.151.39.77,100,265,1,12/15/22 11:21,R_2t55dIGtUDuYmxV,,,,,39.3645,-76.6069,anonymous,EN,5,5,4,4,4,5,6.623,6.623,13.132,1,5,14.341,33.343,35.433,3,7,5,3,3,1,27,2,3,1,4,2,2,1,567255352,low,0
12/15/22 11:14,12/15/22 11:21,0,104.49.255.115,100,416,1,12/15/22 11:21,R_7Uw6Hr6P0EAcWKl,,,,,26.1792,-80.1749,anonymous,EN,7,7,4,5,5,5,10.844,10.844,14.454,1,6,67.706,67.706,69.244,1,6,6,4,5,1,69,4,6,3,6,2,2,1,894415473,high,1
12/15/22 11:18,12/15/22 11:21,0,23.124.117.158,100,193,1,12/15/22 11:22,R_2PdlK2yQEcuP3TO,,,,,39.1215,-86.5784,anonymous,EN,5,5,5,5,5,5,3.517,12.319,14.027,4,3,29.433,41.764,43.608,2,5,4,4,4,1,33,3,5,2,3,1,2,1,2172135,low,0
12/15/22 11:14,12/15/22 11:22,0,173.239.214.181,100,432,1,12/15/22 11:22,R_3QL9kxj50nwbjO3,,,,,40.1668,-74.4959,anonymous,EN,2,5,4,5,6,5,1.533,1.533,13.934,1,6,22.993,22.993,26.372,1,6,7,4,3,1,30,5,3,3,7,2,2,1,533478548,low,0
12/15/22 11:21,12/15/22 11:22,0,71.163.19.21,100,80,1,12/15/22 11:22,R_QbqNv6NvM0vjhXr,,,,,38.8476,-77.3281,anonymous,EN,2,2,4,5,5,5,1.183,13.029,13.389,12,4,6.902,6.902,7.621,1,6,5,2,3,1,31,5,8,3,4,3,2,4,99346876,low,0
12/15/22 11:20,12/15/22 11:22,0,107.3.31.80,100,134,1,12/15/22 11:22,R_DAXDBbT5OrnZmRH,,,,,40.0048,-76.5938,anonymous,EN,7,7,7,4,4,5,1.196,12.019,13.435,2,6,6.022,10.847,13.714,2,7,6,4,4,1,38,5,6,2,4,2,2,1,151907151,low,0
12/15/22 11:19,12/15/22 11:22,0,69.131.104.114,100,179,1,12/15/22 11:22,R_9ZBK9xGDyqdgDV7,,,,,43.0344,-89.5007,anonymous,EN,3,4,4,6,5,5,8.325,8.325,22.489,1,3,51.404,51.802,52.851,2,6,5,3,3,1,39,6,8,3,5,3,2,1,686171157,low,0
12/15/22 11:20,12/15/22 11:22,0,98.13.225.234,100,159,1,12/15/22 11:22,R_20YGIJ4RoibUeDI,,,,,40.6915,-73.8533,anonymous,EN,2,1,1,4,5,6,7.747,7.747,14.81,1,7,12.854,12.854,14.552,1,7,5,4,4,1,28,3,6,2,4,2,2,2,954164829,high,1
12/15/22 11:19,12/15/22 11:22,0,24.168.238.77,100,206,1,12/15/22 11:22,R_3njBB2BOqVlGsyr,,,,,33.8734,-78.6493,anonymous,EN,7,7,7,4,4,4,3.534,3.534,13.019,1,7,12.008,12.723,13.249,3,7,7,2,3,2,38,5,2,1,7,2,2,1,938627544,high,1
12/15/22 11:21,12/15/22 11:23,0,206.55.189.193,100,121,1,12/15/22 11:23,R_3dY56sg6RQUOISe,,,,,44.9618,-93.2638,anonymous,EN,4,4,5,4,4,3,1.365,7.355,14.4,2,6,5.7,12.408,13.031,3,7,4,2,3,2,30,5,7,2,6,2,2,1,625885937,low,0
12/15/22 11:14,12/15/22 11:23,0,166.113.86.220,100,581,1,12/15/22 11:23,R_wQQNQO16xhz7U6l,,,,,35.2025,-97.4835,anonymous,EN,3,2,2,4,5,5,94.476,94.476,95.004,1,6,3.53,61.105,61.665,5,7,5,3,3,2,40,6,11,4,4,3,2,1,481919955,high,1
12/15/22 11:22,12/15/22 11:23,0,174.53.49.8,100,93,1,12/15/22 11:23,R_WxPSfGjD2eIoiZP,,,,,34.8775,-92.2265,anonymous,EN,3,4,4,3,3,2,1.225,1.988,13.075,2,2,7.548,7.548,9.196,1,3,1,2,3,1,37,5,6,3,2,1,2,1,61924705,low,0
12/15/22 11:22,12/15/22 11:23,0,174.55.253.213,100,89,1,12/15/22 11:23,R_1ghgqoFR3YYY6lL,,,,,41.1408,-77.444,anonymous,EN,6,7,7,4,4,4,0,0,12.911,0,3,0,0,10.288,0,5,4,4,5,1,30,5,7,3,6,2,2,1,124330709,high,1
12/15/22 11:18,12/15/22 11:24,0,75.136.141.155,100,379,1,12/15/22 11:24,R_vfvc2dFcpPg4KBj,,,,,34.5251,-82.6307,anonymous,EN,4,3,4,4,5,7,1.023,154.422,154.755,3,4,6.858,7.549,7.806,2,7,7,3,3,1,36,4,4,2,4,3,2,2,820178175,low,0
12/15/22 11:23,12/15/22 11:24,0,72.191.234.241,100,98,1,12/15/22 11:24,R_1kOhnRUNM6zpqAg,,,,,32.9219,-96.6214,anonymous,EN,5,5,6,5,5,6,1.269,11.908,12.998,6,4,7.478,7.478,8.046,1,3,1,2,3,2,31,3,8,1,7,2,2,2,62980958,low,0
12/15/22 11:20,12/15/22 11:25,0,50.109.76.210,100,280,1,12/15/22 11:25,R_1reoiH4FuGpyNq8,,,,,40.5093,-88.9844,anonymous,EN,6,4,6,3,3,4,3.307,9.523,14.774,2,2,56.622,70.755,72.628,3,2,4,2,2,1,52,5,2,1,4,4,2,1,203209191,high,1
12/15/22 11:21,12/15/22 11:25,0,104.153.41.44,100,271,1,12/15/22 11:25,R_1LiKCuew1cTABXM,,,,,41.3625,-72.0449,anonymous,EN,4,4,4,4,4,4,1.982,1.982,14.011,1,1,29.901,29.901,31.237,1,2,4,1,1,2,65,3,10,1,2,1,2,1,15080148,high,1
12/15/22 11:23,12/15/22 11:26,0,23.28.119.209,100,151,1,12/15/22 11:26,R_3sdiv0mUsDT3rKm,,,,,42.3755,-83.2883,anonymous,EN,7,7,7,4,4,4,3.01,3.961,14.011,2,3,2.137,27.354,28.977,4,7,4,2,5,2,31,5,5,2,6,2,2,2,457755103,high,1
12/15/22 11:22,12/15/22 11:27,0,181.214.107.13,100,249,1,12/15/22 11:27,R_3gUfovdbFe71YTG,,,,,41.8874,-87.6318,anonymous,EN,2,2,3,6,6,5,1.843,3.17,14.459,2,6,52.264,71.704,72.615,2,7,6,2,3,1,32,5,8,3,4,3,2,2,913610818,high,1
12/15/22 11:23,12/15/22 11:27,0,109.121.12.252,100,272,1,12/15/22 11:27,R_1jUS7DoATs9SeWK,,,,,39.0469,-77.4903,anonymous,EN,7,7,2,6,6,7,1.939,1.939,64.885,1,6,32.972,32.972,34.407,1,6,7,5,5,2,45,6,7,3,1,1,2,2,278888432,high,1
12/15/22 11:25,12/15/22 11:27,0,165.140.166.169,100,128,1,12/15/22 11:27,R_27rjtrXWDsysJUo,,,,,41.8874,-87.6318,anonymous,EN,5,3,3,6,6,7,2.084,6.179,13.235,2,6,15.131,15.131,16.147,1,7,6,4,4,1,57,6,12,4,7,2,2,1,203907525,high,1
12/15/22 11:22,12/15/22 11:28,0,184.53.48.119,100,359,1,12/15/22 11:28,R_2tgmFyqHOTMNYUE,,,,,39.7684,-86.158,anonymous,EN,4,4,3,5,5,6,1.261,13.214,13.972,3,3,216.122,217.759,218.492,3,2,3,2,3,1,38,2,3,1,4,3,2,1,264365895,low,0
12/15/22 11:26,12/15/22 11:28,0,68.4.166.206,100,90,1,12/15/22 11:28,R_3KwLIz4Lkob26gE,,,,,33.4339,-117.6221,anonymous,EN,4,4,5,4,4,5,1.345,5.215,12.769,3,7,7.072,7.072,8.484,1,7,7,2,2,1,33,2,4,1,7,2,2,4,867198349,low,0
12/15/22 11:23,12/15/22 11:28,0,192.109.205.142,100,277,1,12/15/22 11:28,R_1ly6AdrwJfbD1f4,,,,,34.0544,-118.2441,anonymous,EN,4,4,3,6,6,6,2.151,2.151,46.051,1,4,9.753,9.753,14.763,1,6,4,2,2,1,41,5,6,3,7,2,2,2,471685931,low,0
12/15/22 11:26,12/15/22 11:28,0,104.246.125.4,100,121,1,12/15/22 11:28,R_3dJMtPwhoLKybPV,,,,,41.1365,-73.5697,anonymous,EN,3,3,3,6,6,5,9.019,12.421,13.233,2,6,8.329,10.047,11.099,3,7,6,3,2,2,31,5,11,3,3,1,2,1,777897930,low,0
12/15/22 11:26,12/15/22 11:29,0,24.88.146.255,100,192,1,12/15/22 11:29,R_3RqiIm6suUkMgz3,,,,,36.1168,-80.0837,anonymous,EN,7,7,7,2,2,3,1.418,3.69,99.455,4,2,15.349,15.349,15.929,1,4,3,4,4,1,36,2,1,1,1,1,2,1,350723830,high,1
12/15/22 11:26,12/15/22 11:29,0,107.77.236.23,100,157,1,12/15/22 11:29,R_21oi8VGI0AuaGJK,,,,,33.7485,-84.3871,anonymous,EN,5,6,6,6,6,6,2.286,7.83,13.396,2,5,17.455,18.385,19.527,3,3,2,3,4,3,31,3,7,2,7,4,2,1,509303075,high,1
12/15/22 11:25,12/15/22 11:29,0,68.54.214.71,100,226,1,12/15/22 11:29,R_2uBNuUi35lV95cK,,,,,39.2051,-85.9324,anonymous,EN,2,2,2,6,6,6,2.494,13.542,16.17,3,6,37.841,37.841,40.271,1,5,5,2,2,2,44,5,5,3,4,3,2,4,679659944,low,0
12/15/22 11:27,12/15/22 11:29,0,107.173.69.12,100,141,1,12/15/22 11:29,R_3D7TeKr42xBTGDt,,,,,42.8867,-78.8927,anonymous,EN,5,5,5,4,4,4,1.957,5.921,13.564,3,7,13.815,13.815,14.903,1,6,5,3,2,1,30,2,4,3,2,1,1,,471286695,high,1
12/15/22 11:28,12/15/22 11:30,0,47.28.230.149,100,125,1,12/15/22 11:30,R_22Q6OeusrHza2Tx,,,,,41.1383,-104.8016,anonymous,EN,7,7,7,4,5,3,1.639,6.731,13.793,2,5,1.205,11.276,11.801,5,7,6,3,4,1,45,6,5,2,3,1,2,1,773065506,high,1
12/15/22 11:29,12/15/22 11:30,0,108.185.121.148,100,84,1,12/15/22 11:30,R_AnfUraqiaPy4EUN,,,,,33.846,-118.3456,anonymous,EN,6,7,2,5,7,7,1.301,11.889,15.379,3,6,2.276,2.276,5.911,1,6,7,4,5,2,34,5,8,4,6,2,2,1,12845200,low,0
12/15/22 11:26,12/15/22 11:32,0,207.244.71.80,100,342,1,12/15/22 11:32,R_2WVcW8RsivrtfnP,,,,,39.6566,-75.5661,anonymous,EN,5,4,3,5,4,6,1.031,1.031,13.537,1,4,2.2,3,8.157,2,5,4,3,4,1,29,5,8,3,5,2,2,2,406107878,low,0
12/15/22 11:29,12/15/22 11:33,0,76.169.194.159,100,241,1,12/15/22 11:33,R_BLm7jVAvbwqXIIx,,,,,33.8782,-117.9567,anonymous,EN,6,6,6,3,3,5,53.102,55.38,56.108,4,5,3.359,5.871,7.447,2,5,4,3,4,1,32,7,9,3,6,2,2,4,507761053,high,1
12/15/22 11:32,12/15/22 11:33,0,208.200.7.25,100,103,1,12/15/22 11:33,R_331ErCrYO0sdPoe,,,,,45.5496,-122.5044,anonymous,EN,5,4,3,5,6,6,1.353,12.524,14.613,4,5,2.297,2.297,4.372,1,5,4,4,4,2,32,5,10,4,1,2,2,1,198286625,high,1
12/15/22 11:32,12/15/22 11:34,0,184.177.182.23,100,135,1,12/15/22 11:34,R_2wKB7LI4dhurHGe,,,,,33.6527,-117.5953,anonymous,EN,4,4,4,6,6,5,2.247,9.062,13.703,3,6,14.229,14.229,15.411,1,7,7,4,3,1,49,5,9,3,3,1,2,1,272676162,low,0
12/15/22 11:20,12/15/22 11:34,0,66.91.210.148,100,868,1,12/15/22 11:34,R_tPrtwjigZky34nn,,,,,21.289,-157.8028,anonymous,EN,6,5,6,4,4,5,1.142,6.496,73.142,2,2,5.766,5.766,6.394,1,6,5,2,2,2,42,5,6,3,5,2,2,1,115464782,high,1
12/15/22 11:33,12/15/22 11:35,0,172.101.73.101,100,89,1,12/15/22 11:35,R_3G8kqRAM8tXzs0h,,,,,42.9685,-78.7492,anonymous,EN,7,7,7,5,5,6,1.949,14.668,15.643,6,7,1.541,1.802,4.896,2,7,7,,4,1,28,4,8,2,5,2,2,1,68442360,high,1
12/15/22 11:29,12/15/22 11:35,0,207.244.71.81,100,335,1,12/15/22 11:35,R_pPHOjRhFphbuiZj,,,,,39.6566,-75.5661,anonymous,EN,6,5,2,6,6,5,2.863,11.783,13.579,3,6,26.634,28.754,32.22,3,7,7,4,4,1,32,5,4,3,7,2,2,1,361662413,high,1
12/15/22 11:32,12/15/22 11:35,0,172.58.169.65,100,176,1,12/15/22 11:35,R_3sppficAqs8ARg2,,,,,29.9734,-90.0885,anonymous,EN,1,1,1,7,7,5,2.402,7.624,14.798,2,7,4.041,14.169,15.38,7,5,5,5,5,2,60,4,3,1,2,1,2,1,505129658,high,1
12/15/22 11:31,12/15/22 11:35,0,70.121.186.12,100,278,1,12/15/22 11:35,R_1LCIkU08pfnUxnX,,,,,29.5826,-98.4091,anonymous,EN,3,3,4,4,4,4,0.602,11.823,12.699,6,6,0.834,5.928,6.633,3,7,7,2,2,1,29,2,10,2,6,2,1,,170255102,low,0
12/15/22 11:34,12/15/22 11:36,0,128.254.166.226,100,113,1,12/15/22 11:36,R_DDgBINoAhc6NlDz,,,,,39.3408,-76.4078,anonymous,EN,6,5,4,5,6,4,1.863,8.47,21.438,2,5,4.566,4.566,7.927,1,5,4,4,3,2,33,2,1,3,2,1,2,1,89325584,high,1
12/15/22 11:35,12/15/22 11:36,0,131.179.61.153,100,74,1,12/15/22 11:36,R_D7WrDImmyzW3PgJ,,,,,34.0648,-118.4414,anonymous,EN,7,7,7,4,4,4,0,0,12.729,0,5,0,0,8.994,0,7,5,3,3,1,34,5,7,2,7,2,2,1,795378555,high,1
12/15/22 11:34,12/15/22 11:36,0,75.133.202.218,100,116,1,12/15/22 11:36,R_3j7qVqZzk2Wiwwj,,,,,42.2789,-85.6904,anonymous,EN,2,2,2,5,5,4,2.411,2.411,14.063,1,3,15.945,15.945,18.231,1,6,4,2,2,2,33,5,10,3,6,2,1,,480368425,low,0
12/15/22 11:32,12/15/22 11:36,0,97.100.2.21,100,268,1,12/15/22 11:36,R_1eR93T3qsocgD9J,,,,,28.53,-81.4807,anonymous,EN,4,4,4,4,4,5,1.169,1.951,13.549,2,4,10.38,12.193,13.274,3,6,4,2,3,2,32,6,6,3,7,2,2,2,235285968,low,0
12/15/22 11:35,12/15/22 11:37,0,107.77.234.229,100,158,1,12/15/22 11:37,R_1jeWb8ls5xUTutj,,,,,33.7485,-84.3871,anonymous,EN,3,2,3,6,5,5,1.158,4.184,13.749,2,6,49.596,51.172,51.811,2,3,7,2,2,2,38,1,2,1,5,2,2,1,906096630,low,0
12/15/22 11:31,12/15/22 11:38,0,68.110.144.148,100,417,1,12/15/22 11:38,R_1QLRv1GFiSKN7xX,,,,,36.7969,-76.1797,anonymous,EN,4,4,4,4,4,3,3.648,6.285,14.495,3,5,7.363,144.933,150.992,8,5,5,3,4,1,44,6,4,3,6,2,2,2,883431828,low,0
12/15/22 11:37,12/15/22 11:39,0,75.84.114.212,100,86,1,12/15/22 11:39,R_1GHsTRsSvHrM9uu,,,,,33.9212,-118.1424,anonymous,EN,3,3,3,6,6,6,1.339,5.143,12.941,2,5,3.755,4.503,5.586,2,4,6,5,5,1,37,2,5,3,2,1,1,,525000587,high,1
12/15/22 11:31,12/15/22 11:40,0,76.100.18.135,100,522,1,12/15/22 11:40,R_3PFtUtOaNfvaOv6,,,,,38.8155,-77.1205,anonymous,EN,7,7,1,5,5,7,0,0,61.693,0,7,0,0,8,0,5,4,4,4,1,56,6,11,3,1,2,2,,833770070,low,0
12/15/22 11:38,12/15/22 11:40,0,73.31.148.103,100,111,1,12/15/22 11:40,R_8xhJNixOBu4ISGt,,,,,37.3923,-77.5668,anonymous,EN,2,2,1,4,5,6,1.953,1.953,13.335,1,6,9.047,9.047,9.774,1,7,7,4,4,2,36,3,5,3,6,2,2,2,568777750,low,0
12/15/22 11:39,12/15/22 11:40,0,68.195.152.226,100,95,1,12/15/22 11:40,R_WDTMnlGcG2gkRkR,,,,,40.9014,-73.9056,anonymous,EN,3,3,3,5,5,5,1.053,10.635,12.74,7,6,2.61,12.321,12.888,4,7,7,5,4,1,29,5,9,4,1,1,2,1,772636696,high,1
12/15/22 11:39,12/15/22 11:40,0,24.17.142.26,100,91,1,12/15/22 11:40,R_3iV8kYdoRcvOXNj,,,,,47.7027,-117.3702,anonymous,EN,6,6,6,5,5,6,1.4,11.973,13.263,5,6,8.247,8.247,8.922,1,7,7,4,4,1,30,4,4,2,4,3,2,1,736554716,high,1
12/15/22 11:26,12/15/22 11:41,0,75.178.18.244,100,894,1,12/15/22 11:41,R_URcFUeLJmXsMPAt,,,,,34.1847,-79.7704,anonymous,EN,5,5,5,4,4,4,1.295,28.368,178.108,2,5,195.663,212.679,213.268,4,6,4,3,4,1,29,3,6,1,4,3,2,2,294663502,low,0
12/15/22 11:38,12/15/22 11:41,0,208.102.140.197,100,173,1,12/15/22 11:41,R_2QMyO2GydDJdu1R,,,,,39.1547,-84.5911,anonymous,EN,4,4,4,4,4,4,2.768,12.076,14.812,3,4,1.633,14.164,16.103,5,2,1,3,3,2,46,5,10,4,4,3,2,2,207306884,low,0
12/15/22 11:37,12/15/22 11:42,0,68.49.73.67,100,273,1,12/15/22 11:42,R_e3ejl9o3lfqgAwN,,,,,42.7214,-83.278,anonymous,EN,5,5,6,4,4,3,2.005,2.005,14.522,1,3,25.551,25.551,27.574,1,6,5,2,2,2,29,5,9,3,4,3,2,1,507749326,high,1
12/15/22 11:39,12/15/22 11:42,0,69.113.168.239,100,172,1,12/15/22 11:42,R_20O3nYRP9aFFKjt,,,,,40.6914,-73.3728,anonymous,EN,5,3,3,5,5,6,3.329,3.329,13.881,1,4,20.247,20.247,22.348,1,5,5,2,2,1,41,3,9,3,3,1,2,1,235262399,low,0
12/15/22 11:40,12/15/22 11:43,0,68.228.221.240,100,164,1,12/15/22 11:43,R_vZZH7UhTTs7NF0R,,,,,33.5922,-112.0029,anonymous,EN,4,4,4,4,4,4,63.862,64.556,65.131,2,5,7.255,18.268,20.735,11,6,6,3,4,1,40,4,2,1,6,2,2,1,711189039,low,0
12/15/22 11:42,12/15/22 11:44,0,98.159.143.65,100,158,1,12/15/22 11:44,R_3je1i8QCPFrZH9L,,,,,37.7457,-82.7095,anonymous,EN,7,7,7,3,3,4,2.305,11.474,13.449,2,5,17.378,22.306,24.129,3,3,4,3,3,1,37,2,9,2,2,1,2,1,552998695,high,1
12/15/22 11:44,12/15/22 11:46,0,174.96.115.237,100,106,1,12/15/22 11:46,R_vjk7MArMWhlANWx,,,,,40.4836,-81.4387,anonymous,EN,4,3,4,2,4,5,1.198,7.042,14.613,4,6,0.882,15.496,16.213,22,4,3,4,4,1,28,2,4,3,5,2,2,1,782917188,high,1
12/15/22 11:45,12/15/22 11:47,0,67.184.124.196,100,74,1,12/15/22 11:47,R_28AI9Umy3CLRm0Q,,,,,41.85,-87.7165,anonymous,EN,3,3,2,5,5,5,1.413,1.413,13.402,1,5,0.393,10.665,11.964,2,6,6,3,3,1,26,5,4,2,6,2,2,1,500782585,high,1
12/15/22 11:45,12/15/22 11:47,0,69.206.26.0,100,112,1,12/15/22 11:47,R_r2rMxoiroOqV61j,,,,,41.534,-74.0492,anonymous,EN,4,4,4,3,3,6,2.005,13.018,13.53,4,4,9.178,9.178,10.008,1,7,7,3,3,4,50,3,10,3,5,2,2,4,821371308,low,0
12/15/22 11:45,12/15/22 11:47,0,73.203.178.160,100,110,1,12/15/22 11:47,R_8CVFGxRImUrCotr,,,,,35.2083,-89.8058,anonymous,EN,2,2,4,6,6,6,1.673,10.606,13.274,6,6,3.582,11.838,12.446,4,6,6,4,4,2,58,5,11,3,3,1,2,1,849459179,low,0
12/15/22 11:46,12/15/22 11:48,0,67.248.186.185,100,162,1,12/15/22 11:48,R_2YudnKEusjAgrQu,,,,,42.8482,-73.7863,anonymous,EN,3,3,3,5,5,6,2.347,3.169,13.805,2,7,17.956,17.956,19.45,1,5,7,3,3,1,31,4,6,2,5,2,2,1,276077266,low,0
12/15/22 11:47,12/15/22 11:49,0,173.24.227.204,100,92,1,12/15/22 11:49,R_pF1wDJUQKvMKNr3,,,,,37.168,-93.3039,anonymous,EN,7,7,7,4,4,4,1.049,1.049,12.965,1,3,9.541,9.541,10.368,1,7,2,2,4,4,41,3,3,1,6,3,2,1,369494087,high,1
12/15/22 11:48,12/15/22 11:50,0,23.241.3.92,100,135,1,12/15/22 11:50,R_1NgMEh9PcPnTJP7,,,,,33.7372,-117.8232,anonymous,EN,6,6,6,4,4,5,1.878,12.504,13.755,3,4,10.566,16.104,17.002,2,6,6,2,3,2,52,4,5,3,3,2,2,1,344579769,high,1
12/15/22 11:48,12/15/22 11:50,0,45.36.140.97,100,119,1,12/15/22 11:50,R_1OUMJY409EGcWUu,,,,,36.143,-80.3073,anonymous,EN,5,3,3,5,5,6,2.041,10.321,13.16,2,5,15.431,19.581,20.605,3,7,6,2,3,2,25,4,6,2,6,2,2,1,389746828,low,0
12/15/22 11:48,12/15/22 11:51,0,104.228.4.55,100,157,1,12/15/22 11:51,R_0977ucF4ER0lbLX,,,,,42.5376,-73.7071,anonymous,EN,5,5,5,5,5,5,2.057,2.057,13.813,1,6,18.764,19.28,20.247,2,6,5,4,4,1,47,2,4,1,4,4,2,1,466154285,low,0
12/15/22 11:49,12/15/22 11:52,0,70.178.49.168,100,177,1,12/15/22 11:52,R_ux1AC9Eqme44iXf,,,,,36.1805,-94.5304,anonymous,EN,7,7,7,7,7,6,0.284,3.261,12.78,4,6,0.104,20.147,20.925,8,7,5,2,3,2,37,3,2,1,7,2,2,1,95640363,low,0
12/15/22 11:45,12/15/22 11:53,0,108.4.79.206,100,455,1,12/15/22 11:53,R_9Hc4AiiJ7y0CG4h,,,,,37.5115,-77.5662,anonymous,EN,6,6,6,4,4,5,3.608,3.608,13.421,1,5,59.018,59.018,61.548,1,7,6,3,2,2,53,5,6,3,4,3,2,2,203574908,high,1
12/15/22 11:52,12/15/22 11:54,0,216.243.49.92,100,82,1,12/15/22 11:54,R_33jRWjGeT1dK0ed,,,,,47.6109,-122.3303,anonymous,EN,2,2,4,7,7,6,4.761,4.761,13.323,1,7,9.11,9.11,9.617,1,6,7,2,2,,23,5,12,3,6,2,2,1,51733590,low,0
12/15/22 11:50,12/15/22 11:54,0,67.232.178.215,100,202,1,12/15/22 11:54,R_1rNV1zTwB6dJWW0,,,,,29.1995,-82.0858,anonymous,EN,5,5,5,4,4,6,3.526,7.845,14.043,4,5,16.405,27.385,29.578,5,5,5,2,3,1,49,5,5,2,7,2,2,1,626658503,high,1
12/15/22 11:53,12/15/22 11:55,0,170.253.134.204,100,144,1,12/15/22 11:55,R_1EZ3Ss2c9vzG5Pd,,,,,33.4474,-88.8205,anonymous,EN,5,5,2,4,3,5,0.715,1.834,13.091,2,5,1.794,1.794,4.804,1,6,5,2,3,2,25,5,3,3,6,2,2,2,336516210,low,0
12/15/22 11:56,12/15/22 12:00,0,71.231.209.15,100,249,1,12/15/22 12:00,R_Or31YrS3XjZoFNf,,,,,46.9961,-122.7381,anonymous,EN,2,2,3,5,5,4,2.698,3.43,13.937,2,4,33.054,35.124,35.75,2,5,6,3,3,1,35,5,10,3,2,1,2,6,643292005,high,1
12/15/22 11:51,12/15/22 12:01,0,24.125.120.89,100,583,1,12/15/22 12:01,R_3PNUrTZc3s71aAP,,,,,33.852,-84.1152,anonymous,EN,3,5,2,4,4,4,75.559,75.559,76.292,1,3,8.343,10.381,10.972,4,7,5,2,3,1,27,2,7,2,6,2,2,1,544961050,high,1
12/15/22 12:02,12/15/22 12:03,0,75.248.148.30,100,87,1,12/15/22 12:03,R_3CWrA8yk4t6Bows,,,,,40.4953,-111.9439,anonymous,EN,5,4,3,5,5,6,1.835,3.303,13.209,2,5,8.601,10.904,11.419,3,6,6,4,4,1,45,6,11,4,5,3,2,1,75410681,low,0
12/15/22 12:02,12/15/22 12:04,0,74.136.39.48,100,117,1,12/15/22 12:04,R_s883vusdUuSaqWZ,,,,,38.0052,-84.423,anonymous,EN,5,5,6,2,3,4,1.235,10.777,13.245,9,5,15.693,16.386,18.334,4,4,4,1,2,1,22,3,7,2,6,2,2,1,990930162,high,1
12/15/22 12:01,12/15/22 12:05,0,23.252.247.3,100,214,1,12/15/22 12:05,R_3nACwTJCAcuqyoC,,,,,33.5564,-96.8987,anonymous,EN,7,7,7,4,4,3,1.934,5.032,13.427,2,3,7.359,12.652,13.864,3,2,4,2,2,4,25,3,6,2,7,2,2,1,180925572,high,1
12/15/22 12:04,12/15/22 12:06,0,72.79.79.126,100,128,1,12/15/22 12:06,R_3kgGrpCn304yOtq,,,,,40.7463,-74.1553,anonymous,EN,1,1,1,6,6,6,2.355,2.355,13.36,1,7,10.902,10.902,11.873,1,7,7,2,2,2,42,2,5,1,6,2,2,1,772718569,low,0
12/15/22 12:07,12/15/22 12:12,0,67.140.11.84,100,346,1,12/15/22 12:12,R_2SiZHysNebMb7Ga,,,,,37.2664,-84.6026,anonymous,EN,3,3,3,5,5,5,3.364,4.456,13.981,3,6,68.202,68.202,70.28,1,7,5,2,3,2,31,2,3,2,7,2,2,1,752737263,low,0
12/15/22 12:08,12/15/22 12:13,0,23.117.240.246,100,302,1,12/15/22 12:13,R_2CD6Drq2Xtiq58L,,,,,29.646,-95.8023,anonymous,EN,4,4,5,6,6,6,0,0,40.975,0,5,2.715,5.811,12.656,3,7,7,4,4,1,31,5,3,2,6,2,1,,261479405,high,1
12/15/22 12:13,12/15/22 12:19,0,207.244.64.33,100,376,1,12/15/22 12:19,R_pT6ttauoZANPNXX,,,,,38.6759,-77.3157,anonymous,EN,3,2,2,6,6,7,12.662,12.662,13.959,1,6,33.083,74.08,75.179,4,7,7,4,5,1,69,5,5,4,3,1,2,1,784077273,low,0
12/15/22 12:25,12/15/22 12:26,0,70.177.157.191,100,109,1,12/15/22 12:26,R_2awCIZYVXyv6Evj,,,,,32.5938,-83.642,anonymous,EN,6,6,6,4,4,4,1.75,1.75,13.017,1,4,13.988,13.988,14.646,1,5,5,2,2,2,41,5,8,3,4,3,2,1,420558908,high,1