,StartDate,EndDate,Status,IPAddress,Progress,Duration (in seconds),Finished,RecordedDate,ResponseId,RecipientLastName,RecipientFirstName,RecipientEmail,ExternalReference,LocationLatitude,LocationLongitude,DistributionChannel,UserLanguage,Q89_First Click,Q89_Last Click,Q89_Page Submit,Q89_Click Count,Q102_First Click,Q102_Last Click,Q102_Page Submit,Q102_Click Count,quiz_highIn.,quiz_lowIn.,quiz_lowF.,quiz_highF.,Q149_First Click,Q149_Last Click,Q149_Page Submit,Q149_Click Count,quiz_lowIn.2,quiz_highIn.2,quiz_lowF.2,quiz_highF.2,dv_host,dv_accept,Q55_First Click,Q55_Last Click,Q55_Page Submit,Q55_Click Count,med_trust,med_trustworthy,check_inequality,check_familiarity,hostexp,general_familiarity,general_attitudes,gender,age,ethinicity,ethinicity_14_TEXT,social class,income,occupation,political_ori,political_aff,Q275,Q276,Q277,Q278,Q279,Q280,mTurkCode,inequality_des,inequality,familiarity_des,familiarity,Sample_des,Sample
0,11/21/22 13:11,11/21/22 13:13,0,47.160.13.56,100,109,1,11/21/22 13:13,R_1gp6tJ8NESrpB33,,,,,33.0734,-97.3051,anonymous,EN,0,0,18.386,0,0,0,11.304,0,,8,,2,,,,,,,,,7,7,4.36,6.223,6.897,2,4,4,1,1,2,4,4,4,25,9,,1,6,retail,2,2,1,,2,,2,,6381611,low,0,high,1,Mturk,1
1,11/21/22 13:11,11/21/22 13:13,0,173.26.220.57,100,87,1,11/21/22 13:13,R_w4SNhmolUwhEfNn,,,,,38.9336,-92.363,anonymous,EN,0,0,11.427,0,0,0,15.696,0,,8,1,,,,,,,,,,6,6,3.476,5.296,5.961,2,6,6,2,1,2,6,4,4,26,9,,1,4,Legal services,2,2,1,,2,,2,,3569859,low,0,low,0,Mturk,1
3,11/21/22 13:12,11/21/22 13:13,0,71.121.214.123,100,96,1,11/21/22 13:13,R_xbEvEwk6pe4tE09,,,,,39.4799,-76.2955,anonymous,EN,0,0,15.964,0,0,0,11.082,0,2,,1,,,,,,,,,,7,7,1.869,2.882,6.123,2,5,5,6,1,2,5,6,4,34,9,,3,6,Pest Management,3,2,1,,2,No issues,2,,7862548,high,1,low,0,Mturk,1
4,11/21/22 13:12,11/21/22 13:13,0,107.142.215.204,100,83,1,11/21/22 13:13,R_2SCzkqohMsxN757,,,,,34.029,-118.4005,anonymous,EN,2.272,2.272,11.02,1,0,0,10.889,0,,8,1,,,,,,,,,,7,7,3.082,3.916,5.631,2,5,5,1,1,2,7,7,4,34,9,,2,7,office clerk,1,2,1,,2,,2,,3892031,low,0,low,0,Mturk,1
5,11/21/22 13:11,11/21/22 13:13,0,71.113.184.99,100,152,1,11/21/22 13:13,R_3kyQjg8WhX7qHcM,,,,,40.2183,-77.0281,anonymous,EN,12.584,18.963,19.774,3,4.5,11.582,12.417,3,9,,1,,5.1,5.1,11.15,1,,2,,,7,7,2.326,14.011,14.522,5,4,4,7,1,2,4,5,5,55,14,mixed,1,2,assistant,1,4,1,,2,,2,,7075273,high,1,low,0,Mturk,1
6,11/21/22 13:11,11/21/22 13:13,0,71.74.236.237,100,117,1,11/21/22 13:13,R_PLgDgqMrfdeIaWJ,,,,,40.742,-81.1031,anonymous,EN,3.829,25.725,27.656,5,0.958,3.981,10.687,5,2,,,2,,,,,,,,,7,7,0.869,6.457,6.843,11,7,7,7,7,2,1,2,5,31,9,,1,2,clerical,1,2,1,,2,,2,,9961204,high,1,high,1,Mturk,1
7,11/21/22 13:11,11/21/22 13:14,0,24.15.191.101,100,178,1,11/21/22 13:14,R_21huLaUN6ZZUs1l,,,,,41.7609,-88.0151,anonymous,EN,0,0,16.795,0,0,0,34.271,0,,1,,2,0,0,10.833,0,8,,,,6,6,2.721,4.9,6.042,4,6,6,3,5,2,4,4,4,24,9,,3,11,software developer,2,3,1,,2,,2,,4675629,low,0,high,1,Mturk,1
8,11/21/22 13:13,11/21/22 13:14,0,130.44.246.158,100,87,1,11/21/22 13:14,R_qPDT9MzsxCjuMkF,,,,,43.2678,-82.8243,anonymous,EN,11.1,11.1,11.726,1,10.922,10.922,11.342,1,,8,,2,,,,,,,,,1,1,4.577,5.589,6.398,2,1,4,2,2,2,1,4,4,42,9,,3,7,retiree mturker,4,4,1,,2,,2,,9918118,low,0,high,1,Mturk,1
9,11/21/22 13:12,11/21/22 13:14,0,73.217.235.200,100,157,1,11/21/22 13:14,R_2riTqpi4f0xHigw,,,,,39.0518,-94.4046,anonymous,EN,7.652,7.997,11.594,2,0,0,13.182,0,,8,1,,,,,,,,,,7,7,5.569,8.462,9.241,3,4,4,1,1,2,3,5,4,42,9,,1,4,IT,3,3,1,na,2,na,2,na,6330382,low,0,low,0,Mturk,1
10,11/21/22 13:12,11/21/22 13:15,0,73.178.99.79,100,153,1,11/21/22 13:15,R_1jDGSoCA39jpJ1g,,,,,39.7576,-74.2496,anonymous,EN,5.415,12.128,25.544,3,12.008,18.319,19.114,3,2,,1,,,,,,,,,,5,5,3.324,5.622,6.962,2,4,4,7,2,2,4,5,4,45,9,,2,4,network administrator,5,3,1,,2,,2,,841463,high,1,low,0,Mturk,1
11,11/21/22 13:13,11/21/22 13:15,0,75.178.18.244,100,99,1,11/21/22 13:15,R_2uErkvgsfCIRutx,,,,,34.1847,-79.7704,anonymous,EN,0,0,11.34,0,0,0,12.293,0,2,,1,,,,,,,,,,5,5,14.691,18.643,18.842,5,4,4,3,3,2,5,5,4,29,10,,1,6,Salesman ,4,3,1,,2,,2,,1032013,high,1,low,0,Mturk,1
12,11/21/22 13:12,11/21/22 13:15,0,202.182.70.47,100,196,1,11/21/22 13:15,R_8H7205zyQJPMRLX,,,,,40.7123,-74.0068,anonymous,EN,5.879,13.328,13.897,2,2.427,11.077,11.798,3,2,,,2,,,,,,,,,6,5,4.221,7.522,9.112,4,5,6,5,5,1,5,6,5,42,9,,4,11,Software Engineer,3,2,1,,2,,2,,7078149,high,1,high,1,Mturk,1
13,11/21/22 13:13,11/21/22 13:15,0,68.5.34.67,100,106,1,11/21/22 13:15,R_1jj3opI4IpjlYSh,,,,,33.735,-117.785,anonymous,EN,0,0,19.132,0,0,0,13.738,0,2,,1,,,,,,,,,,4,4,2.47,3.243,6.642,2,6,6,6,1,2,4,2,4,29,12,,2,10,Student,4,2,1,,2,,2,,2903531,high,1,low,0,Mturk,1
14,11/21/22 13:12,11/21/22 13:15,0,208.194.192.18,100,223,1,11/21/22 13:15,R_1jwgshbdZod5cjq,,,,,37.751,-97.822,anonymous,EN,0,0,12.954,0,0,0,11.465,0,9,,2,,0,0,12.749,0,,2,1,,6,5,3.177,4.028,6.626,2,5,6,5,4,1,5,4,4,25,12,,4,6,softwere developer,5,1,1,Spend time on hobbies you enjoy,1,Consider previous challenges you've faced.,1,Noisy equipment due to malfunction.,2720259,high,1,low,0,Mturk,1
15,11/21/22 13:13,11/21/22 13:16,0,122.178.71.245,100,174,1,11/21/22 13:16,R_1pFH4fWQw4JVcvy,,,,,9.9327,78.1141,anonymous,EN,4.69,25.521,26.449,2,3.427,7.555,23.114,2,2,,,2,,,,,,,,,6,7,3.737,6.273,7.259,3,5,6,5,7,1,5,7,4,25,12,,4,6,software developer,6,1,1,,2,,2,,7491831,high,1,high,1,Mturk,1
17,11/21/22 13:12,11/21/22 13:16,0,172.58.250.13,100,268,1,11/21/22 13:16,R_qKsBGm9bRD6NlLj,,,,,35.2296,-80.843,anonymous,EN,0,0,14.157,0,12.235,12.235,12.739,1,,8,,2,,,,,,,,,5,5,2.847,4.602,6.427,3,4,4,4,4,2,4,4,5,38,11,,3,10,writer,4,3,1,,2,,2,,8358507,low,0,high,1,Mturk,1
18,11/21/22 13:14,11/21/22 13:17,0,76.27.236.118,100,125,1,11/21/22 13:17,R_3Mhyy6WNzd6KUmc,,,,,44.6279,-123.0592,anonymous,EN,6.916,6.916,22.306,1,11.323,12.764,13.145,4,2,,1,,,,,,,,,,2,3,7.42,8.009,10.563,3,4,3,7,1,2,5,3,4,35,9,,3,8,IT,1,2,1,,2,,2,,6956741,high,1,low,0,Mturk,1
20,11/21/22 13:15,11/21/22 13:17,0,104.229.232.9,100,139,1,11/21/22 13:17,R_3KPxP95uXfRDROG,,,,,43.0333,-74.9812,anonymous,EN,4.271,4.271,12.74,1,2.232,8.042,19.122,2,2,,,2,,,,,,,,,7,7,5.056,7.739,9.051,3,5,5,7,6,2,4,4,4,42,9,,3,8,realtor,4,3,1,,2,,2,,1631874,high,1,high,1,Mturk,1
21,11/21/22 13:15,11/21/22 13:17,0,163.116.147.39,100,138,1,11/21/22 13:17,R_2Cv6I9sSmL7OQwz,,,,,39.7388,-104.9868,anonymous,EN,1.662,3.239,16.194,2,1.709,4.532,11.02,2,2,,,2,,,,,,,,,4,4,9.257,10.017,10.862,2,4,4,5,4,2,4,2,4,36,9,,3,12,marketing,4,3,1,,2,,2,,3795400,high,1,high,1,Mturk,1
22,11/21/22 13:14,11/21/22 13:17,0,67.163.9.149,100,174,1,11/21/22 13:17,R_3DihDrPtNtg3GH9,,,,,41.8738,-87.9668,anonymous,EN,11.728,11.728,13.997,1,6.063,15.743,16.524,2,,8,,2,,,,,,,,,7,7,6.21,8.971,9.919,3,7,7,1,5,2,7,7,5,48,9,,3,11,surgical technician,3,2,1,,2,,2,,7792749,low,0,high,1,Mturk,1
24,11/21/22 13:14,11/21/22 13:17,0,67.140.253.18,100,206,1,11/21/22 13:17,R_3PpBe1wQl2vP5UL,,,,,37.1531,-84.0986,anonymous,EN,1.998,43.163,55.944,4,1.967,25.193,29.649,6,,8,,2,,,,,,,,,7,7,4.067,7.113,7.73,4,7,7,1,7,2,1,4,4,34,9,,1,1,crowdsourcer,1,2,1,,2,,2,,2847205,low,0,high,1,Mturk,1
25,11/21/22 13:15,11/21/22 13:18,0,99.75.53.174,100,134,1,11/21/22 13:18,R_12MhgaZVl7WqIUy,,,,,42.0003,-88.1422,anonymous,EN,2.309,6.221,39.865,4,5.054,11.946,12.535,4,,8,1,,,,,,,,,,7,6,2.976,4.383,7.858,3,6,6,1,1,2,5,2,4,28,12,,2,7,freelancer,1,2,1,,2,,2,,1608620,low,0,low,0,Mturk,1
26,11/21/22 13:14,11/21/22 13:18,0,208.195.164.198,100,242,1,11/21/22 13:18,R_RKLByOmmdapsQFj,,,,,38.7913,-77.2806,anonymous,EN,0,0,16.62,0,0,0,12.039,0,2,,,2,,,,,,,,,5,7,2.42,3.247,18.379,2,5,7,5,6,1,7,6,4,25,12,,4,6,software developer,6,1,1,,2,,2,,7355789,high,1,high,1,Mturk,1
30,11/21/22 13:13,11/21/22 13:19,0,208.207.184.3,100,360,1,11/21/22 13:19,R_tRs3KdxgpjJ8DD3,,,,,40.7683,-73.9802,anonymous,EN,0,0,29.284,0,0,0,131.241,0,8,,,1,0,0,26.679,0,,2,,2,7,6,3.205,7.3,7.634,3,6,7,6,5,1,6,7,5,54,9,,3,4,IT,6,2,1,nope,1,nope,1,nope,1731982,high,1,high,1,Mturk,1
31,11/21/22 13:16,11/21/22 13:19,0,208.221.40.79,100,180,1,11/21/22 13:19,R_1OwAm9IUymDqYeZ,,,,,39.2151,-76.754,anonymous,EN,2.777,3.348,16.987,2,23.987,24.634,26.832,2,2,,,2,,,,,,,,,6,7,2.837,3.913,8.808,2,6,7,5,6,1,5,6,4,35,9,,3,4,Finance,1,2,1,,2,,2,,1031446,high,1,high,1,Mturk,1
32,11/21/22 13:14,11/21/22 13:19,0,63.160.189.203,100,326,1,11/21/22 13:19,R_1FtRoJrcFccOB0P,,,,,34.0014,-84.0144,anonymous,EN,0,0,16.246,0,0,0,12.162,0,9,,,2,23.171,23.171,30.493,1,,2,,,5,6,6.332,8.529,10.001,2,4,6,5,6,1,5,5,4,25,12,,3,5,99300,6,1,1,NOTHING,1,NOTHING,1,NOTHING,8926665,high,1,high,1,Mturk,1
34,11/21/22 13:12,11/21/22 13:19,0,75.62.84.116,100,468,1,11/21/22 13:19,R_3NU2TwZ5gRSiqTn,,,,,33.3792,-86.6969,anonymous,EN,0,0,24.215,0,12.746,12.746,25.036,1,2,,1,,,,,,,,,,5,5,4.8,8.717,10.021,3,2,4,7,1,1,5,4,5,64,9,,3,11,Manager Software Analytics,1,2,1,,2,,2,,586311,high,1,low,0,Mturk,1
36,11/21/22 13:16,11/21/22 13:20,0,67.247.68.1,100,226,1,11/21/22 13:20,R_3PzZ8RgVFsDoOG5,,,,,43.0642,-74.334,anonymous,EN,1.664,3.586,78.146,2,1.467,47.563,47.898,3,,8,1,,,,,,,,,,6,6,3.053,5.871,6.467,6,6,6,1,1,2,2,4,4,28,9,,1,1,Server,4,2,1,,2,,2,,5996621,low,0,low,0,Mturk,1
38,11/21/22 13:11,11/21/22 13:20,0,68.205.16.124,100,512,1,11/21/22 13:20,R_3k7ZTrbsDnytciA,,,,,28.0608,-80.6722,anonymous,EN,13.289,13.289,15.918,1,0,0,15.504,0,,8,,2,,,,,,,,,5,6,396.699,401.682,402.586,6,4,4,3,5,2,3,4,4,30,9,,3,6,IT technician,2,2,1,,2,,2,,3919321,low,0,high,1,Mturk,1
39,11/21/22 13:16,11/21/22 13:20,0,50.103.111.111,100,270,1,11/21/22 13:20,R_rdWLIlA6SaPYgff,,,,,40.6174,-88.9777,anonymous,EN,25.78,25.78,52.819,1,0,0,13.587,0,,8,,2,,,,,,,,,6,6,8.399,10.137,18.592,2,6,6,1,7,2,2,4,4,52,9,,1,2,Unemployed,4,3,1,,2,,2,,65773,low,0,high,1,Mturk,1
43,11/21/22 13:16,11/21/22 13:20,0,128.254.166.49,100,294,1,11/21/22 13:20,R_1MKYkXSuDDlsgfP,,,,,40.0242,-79.8846,anonymous,EN,14.442,22.249,22.721,2,2.612,2.612,16.531,1,,9,,2,4.632,19.648,28.31,2,8,,,,5,6,13.365,14.853,16.085,2,7,6,3,5,2,5,6,4,35,9,,4,6,manager,7,2,1,,2,,2,,3962819,low,0,high,1,Mturk,1
44,11/21/22 13:19,11/21/22 13:21,0,74.76.34.236,100,115,1,11/21/22 13:21,R_1IsaJjKen2SYYsV,,,,,42.88,-73.9913,anonymous,EN,5.062,13.361,19.972,4,3.16,7.274,16.665,3,2,,1,,,,,,,,,,4,3,3.38,7.498,8.119,5,3,2,7,1,2,5,4,5,26,9,,3,10,Security Analyst,3,2,1,,2,,2,,5378707,high,1,low,0,Mturk,1
46,11/21/22 13:15,11/21/22 13:21,0,202.182.68.28,100,358,1,11/21/22 13:21,R_3lSjEzhNTFv9gyZ,,,,,40.7123,-74.0068,anonymous,EN,0,0,21.686,0,0,0,17.297,0,2,,,2,,,,,,,,,6,6,9.025,15.356,16.989,4,5,6,6,6,1,6,5,5,54,9,,4,9,Finance,1,2,1,,2,,2,,4159984,high,1,high,1,Mturk,1
47,11/21/22 13:12,11/21/22 13:21,0,128.254.165.57,100,581,1,11/21/22 13:21,R_3dRgchH9FtUwNA7,,,,,40.0242,-79.8846,anonymous,EN,255.541,268.509,268.987,2,0,0,36.894,0,9,,,2,0,0,30.982,0,,2,,,5,6,8.174,9.414,10.567,2,7,6,3,5,2,5,5,5,35,9,,4,6,Manager,7,2,1,,2,,2,,2527949,high,1,high,1,Mturk,1
49,11/21/22 13:18,11/21/22 13:22,0,67.140.253.18,100,218,1,11/21/22 13:22,R_0652WhkxRnldI09,,,,,37.1531,-84.0986,anonymous,EN,0,0,42.081,0,0,0,13.203,0,,8,1,,,,,,,,,,7,7,29.634,31.525,32.09,3,7,7,1,3,2,3,4,4,36,9,,1,1,Self-employed,1,2,1,,2,,2,,1969945,low,0,low,0,Mturk,1
50,11/21/22 13:13,11/21/22 13:22,0,208.221.41.199,100,511,1,11/21/22 13:22,R_2cAPyYf6TSRqGoq,,,,,39.2151,-76.754,anonymous,EN,0,0,23.403,0,0,0,19.406,0,,9,,1,0,0,45.29,0,8,,,2,5,5,6.68,66.733,67.852,2,4,4,4,5,1,4,4,4,57,9,,3,6,MANAGER,6,2,1,I READ SOME BOOKS,2,,2,,174820,low,0,high,1,Mturk,1
52,11/21/22 13:11,11/21/22 13:22,0,128.254.164.251,100,694,1,11/21/22 13:22,R_3DbSRT2ftzh1pLm,,,,,40.0242,-79.8846,anonymous,EN,0,0,61.763,0,0,0,17.301,0,9,,,2,2.276,2.276,27.276,1,,2,,,7,6,10.227,13.653,18.893,2,6,7,7,6,1,7,6,4,36,9,,3,8,Business,1,2,1,Nothing,2,No,2,No,9147879,high,1,high,1,Mturk,1
53,11/21/22 13:17,11/21/22 13:23,0,47.158.116.183,100,315,1,11/21/22 13:23,R_3flMqLtC48DUnby,,,,,33.754,-116.2664,anonymous,EN,0,0,46.748,0,0,0,16.127,0,2,,,2,,,,,,,,,7,7,8.914,12.539,14.068,3,7,7,5,5,2,7,6,4,49,9,,3,9,Realtor,1,2,1,,2,,2,,325645,high,1,high,1,Mturk,1
54,11/21/22 13:16,11/21/22 13:23,0,173.59.2.187,100,403,1,11/21/22 13:23,R_3lLz0jOyb5liJ6P,,,,,39.904,-75.5089,anonymous,EN,33.846,33.846,74.608,1,5.831,7.136,31.432,2,2,,,2,,,,,,,,,5,6,5.427,52.021,53.08,6,4,2,3,5,2,4,5,5,51,9,,3,8,Prime Now Shopper,4,2,1,,2,,2,,9608136,high,1,high,1,Mturk,1
55,11/21/22 13:23,11/21/22 13:25,0,71.199.248.207,100,116,1,11/21/22 13:25,R_3fAWuV3k99N3Boy,,,,,30.3668,-81.5873,anonymous,EN,1.59,10.803,26.75,4,2.917,9.34,11.356,4,2,,,2,,,,,,,,,7,7,2.149,6.82,7.534,6,6,6,7,6,2,7,7,5,58,9,,4,11,Director of Administration,7,1,1,,2,,2,,3185430,high,1,high,1,Mturk,1
57,11/21/22 13:22,11/21/22 13:25,0,73.244.173.239,100,183,1,11/21/22 13:25,R_2Yf9N5VyfalYf7b,,,,,27.5892,-80.4005,anonymous,EN,0,0,16.022,0,0,0,12.604,0,2,,,8,0,0,10.802,0,,,,2,6,6,5.603,10.821,12.174,4,4,4,7,6,2,5,7,5,36,9,,1,3,assistant manager,2,3,1,,2,,2,,9104951,high,1,high,1,Mturk,1
59,11/21/22 13:23,11/21/22 13:26,0,67.243.225.232,100,179,1,11/21/22 13:26,R_2EuWXB2MoQFX3Lq,,,,,40.763,-73.9926,anonymous,EN,0,0,28.987,0,0,0,26.308,0,9,,,2,9.357,9.357,13.6,1,,2,,,6,6,35.15,36.149,36.588,3,5,5,6,6,2,5,5,5,30,9,,4,6,performer ,4,3,1,,2,,2,,3418958,high,1,high,1,Mturk,1
61,11/21/22 13:14,11/21/22 13:28,0,208.218.229.4,100,793,1,11/21/22 13:28,R_9vsE6DfKp0B84Wl,,,,,32.9569,-96.6746,anonymous,EN,11.478,12.071,14.88,2,67.904,67.904,68.235,1,8,,1,,0,0,19.879,0,,2,,,5,6,4.856,6.735,8.583,2,4,5,5,4,1,5,5,4,32,9,,3,5,supervisor,5,2,1,movies,2,,2,,3331387,high,1,low,0,Mturk,1
63,11/21/22 13:25,11/21/22 13:28,0,98.170.242.29,100,172,1,11/21/22 13:28,R_3jdmRkuZKjYnVkp,,,,,30.7773,-86.4832,anonymous,EN,7.595,7.595,56.275,1,1.18,6.701,11.208,3,2,,1,,,,,,,,,,6,6,1.883,8.596,9.371,4,4,4,6,1,2,6,6,5,31,9,,3,9,Self-employed,6,1,1,,2,,2,,6958226,high,1,low,0,Mturk,1
65,11/21/22 13:28,11/21/22 13:30,0,24.168.238.77,100,100,1,11/21/22 13:30,R_1Kg6Wpa2o6jLRIq,,,,,33.8734,-78.6493,anonymous,EN,14.217,14.217,14.533,1,0,0,13.478,0,,8,1,,,,,,,,,,7,7,2.247,6.305,7.013,4,5,5,2,1,2,6,4,5,38,9,,1,3,Freelancer,2,2,1,,2,,2,,8270436,low,0,low,0,Mturk,1
66,11/21/22 13:27,11/21/22 13:30,0,128.254.164.154,100,137,1,11/21/22 13:30,R_3PnKPD7calEHvjd,,,,,40.0242,-79.8846,anonymous,EN,0,0,11.568,0,0,0,14.266,0,2,,,2,,,,,,,,,5,4,22.908,23.797,24.589,2,5,6,4,6,1,5,4,5,34,9,,3,1,Self employed,6,1,1,,2,,2,,6848805,high,1,high,1,Mturk,1
67,11/21/22 13:27,11/21/22 13:30,0,128.254.167.22,100,188,1,11/21/22 13:30,R_3smoprytRmHkQHi,,,,,40.0242,-79.8846,anonymous,EN,0,0,22.818,0,0,0,14.46,0,2,,,2,,,,,,,,,6,4,5.998,10.905,13.256,5,5,6,5,4,1,6,5,5,37,9,,1,1,,7,1,1,,2,,2,,2739493,high,1,high,1,Mturk,1
69,11/21/22 13:27,11/21/22 13:30,0,72.239.44.102,100,223,1,11/21/22 13:30,R_2TYiRUcopSvc2MN,,,,,28.5727,-80.8206,anonymous,EN,0,0,33.337,0,0,0,13.006,0,,8,,2,,,,,,,,,7,7,12.245,14.147,15.004,2,7,7,1,5,2,5,3,5,55,9,,2,6,medical claim coder,2,2,1,,2,,2,,6646999,low,0,high,1,Mturk,1
70,11/21/22 13:29,11/21/22 13:31,0,206.123.141.185,100,123,1,11/21/22 13:31,R_27fG52rg470xvxl,,,,,37.7809,-122.4245,anonymous,EN,1.067,11.173,20.907,5,0.95,10.361,12.453,3,,8,,2,,,,,,,,,7,7,0.783,4.401,5.708,7,7,7,1,7,2,7,7,5,38,9,,2,4,Editor,2,2,1,,2,,2,,5725695,low,0,high,1,Mturk,1
71,11/21/22 13:29,11/21/22 13:32,0,47.199.91.211,100,143,1,11/21/22 13:32,R_1r7Tt6RaF0W4vcw,,,,,27.3254,-82.4733,anonymous,EN,0,0,30.948,0,0,0,14.848,0,,8,,2,,,,,,,,,7,7,4.013,5.311,6.24,2,7,7,1,7,2,4,4,5,60,9,,3,5,retired,3,3,1,,2,,2,,5115844,low,0,high,1,Mturk,1
72,11/21/22 13:30,11/21/22 13:33,0,128.254.166.217,100,132,1,11/21/22 13:33,R_afsu3wQAO87Dz57,,,,,40.0242,-79.8846,anonymous,EN,0,0,18.5,0,0,0,12.076,0,2,,,2,,,,,,,,,6,6,6.037,7.675,10.313,2,6,5,4,6,1,6,3,5,33,9,,1,1,,7,1,1,,2,,2,,8296567,high,1,high,1,Mturk,1
74,11/21/22 13:33,11/21/22 13:35,0,128.254.166.226,100,121,1,11/21/22 13:35,R_UhwHxzgAcP6Id6V,,,,,40.0242,-79.8846,anonymous,EN,0,0,16.013,0,0,0,12.435,0,2,,,2,,,,,,,,,6,5,3.004,6.165,9.128,3,5,6,5,5,2,5,5,5,36,9,,3,1,Self employed,6,1,1,,2,,2,,4754808,high,1,high,1,Mturk,1
76,11/21/22 13:35,11/21/22 13:37,0,128.254.166.214,100,113,1,11/21/22 13:37,R_qREn4XeLnZTcRZT,,,,,40.0242,-79.8846,anonymous,EN,0,0,14.358,0,0,0,11.543,0,2,,,2,,,,,,,,,6,5,2.952,4.038,6.163,2,4,6,5,6,1,5,4,5,34,9,,1,1,,7,1,1,,2,,2,,2594297,high,1,high,1,Mturk,1
77,11/21/22 13:35,11/21/22 13:38,0,167.224.165.133,100,201,1,11/21/22 13:38,R_2aV67V1nvPyVOZY,,,,,36.1835,-94.1762,anonymous,EN,30.183,30.557,32.105,2,19.671,20.001,21.902,2,2,,1,,,,,,,,,,6,6,17.14,19.518,20.392,2,6,6,7,1,2,7,7,4,40,10,,2,8,Transport Clerk,4,3,1,,2,,2,,6647101,high,1,low,0,Mturk,1
80,11/21/22 13:37,11/21/22 13:39,0,76.219.107.229,100,115,1,11/21/22 13:39,R_2905hr96urr5Lq7,,,,,40.1104,-83.1131,anonymous,EN,3.412,9.395,11.695,2,0,0,11.127,0,2,,,2,,,,,,,,,5,6,3.289,5.193,6.151,3,4,4,7,4,2,6,5,4,33,9,,2,3,Cashier,4,3,1,,2,,2,,8068751,high,1,high,1,Mturk,1
81,11/21/22 13:36,11/21/22 13:40,0,107.180.135.112,100,268,1,11/21/22 13:40,R_PBDTRKXA1sQYCZ3,,,,,39.0469,-77.4903,anonymous,EN,6.626,19.794,20.45,3,3.385,5.518,15.846,3,2,,,2,,,,,,,,,6,5,2.757,6.661,8.024,4,5,7,6,5,1,6,7,5,6,9,,3,8,Health care,6,2,1,yes,1,yes,1,rely on your values ,5520036,high,1,high,1,Mturk,1
82,11/21/22 13:38,11/21/22 13:40,0,24.91.180.31,100,122,1,11/21/22 13:40,R_3R3oYIz7Jz8HiQl,,,,,42.069,-72.676,anonymous,EN,0,0,38.84,0,0,0,10.868,0,,8,,2,,,,,,,,,7,7,2.346,4.594,5.704,3,5,5,1,4,2,4,1,5,43,9,,2,3,self employed,1,2,1,,2,,2,,4865414,low,0,high,1,Mturk,1
86,11/21/22 13:38,11/21/22 13:42,0,202.182.68.152,100,265,1,11/21/22 13:42,R_30kpEFvQNpBaRO2,,,,,40.7123,-74.0068,anonymous,EN,0,0,16.145,0,0,0,12.069,0,8,,,2,0,0,14.647,0,,2,,,6,7,4.03,6.878,8.17,3,6,7,6,6,1,6,7,4,52,9,,4,10,it,6,2,1,,2,,2,,1649842,high,1,high,1,Mturk,1
88,11/21/22 13:41,11/21/22 13:43,0,174.101.36.103,100,102,1,11/21/22 13:43,R_2Qs520GbMQSBlpt,,,,,39.4522,-83.841,anonymous,EN,0.717,20.002,20.921,7,3.974,24.401,25.886,17,,8,1,,,,,,,,,,7,7,1.642,4.454,5.862,4,6,6,1,1,2,5,6,4,33,9,,2,5,Warehousing,3,3,1,,2,,2,,3330790,low,0,low,0,Mturk,1
90,11/21/22 13:42,11/21/22 13:45,0,99.56.119.227,100,167,1,11/21/22 13:45,R_1r1hrQ3LlNmUBxM,,,,,29.8738,-95.5233,anonymous,EN,3.529,3.529,35.944,1,11.254,11.951,14.007,4,,8,,2,,,,,,,,,7,7,1.664,6.968,7.933,3,7,7,1,7,2,5,5,4,56,9,,3,5,option trader,4,1,1,,2,,2,,4831375,low,0,high,1,Mturk,1
91,11/21/22 13:43,11/21/22 13:45,0,73.190.114.66,100,146,1,11/21/22 13:45,R_2WMggZW3ZspoSb4,,,,,45.5033,-122.7744,anonymous,EN,0.531,0.531,45.011,1,0,0,10.809,0,2,,,2,,,,,,,,,7,7,2.88,6.447,7.975,3,5,5,7,7,2,4,6,4,34,9,,2,5,self-employed,4,3,1,,2,,2,,7640630,high,1,high,1,Mturk,1
92,11/21/22 13:43,11/21/22 13:46,0,98.217.19.212,100,178,1,11/21/22 13:46,R_22WwA6XspdbFppA,,,,,42.0774,-71.0446,anonymous,EN,0,0,57.644,0,0,0,16.622,0,2,,1,,,,,,,,,,5,4,6.801,11.815,12.891,5,5,5,7,1,2,7,6,5,47,9,,3,11,Lunch Aid,,2,1,,2,,2,,5214973,high,1,low,0,Mturk,1
95,11/21/22 13:43,11/21/22 13:47,0,76.125.247.59,100,277,1,11/21/22 13:47,R_2ykAsJZoVfEjLst,,,,,40.3052,-79.5418,anonymous,EN,0,0,13.655,0,0,0,11.803,0,8,,,2,0,0,11.27,0,,2,,,4,5,3.741,4.98,6.698,2,4,5,4,5,1,4,5,5,41,9,,3,4,manager,5,2,1,eat snacks,1,,1,,4814134,high,1,high,1,Mturk,1
96,11/21/22 13:41,11/21/22 13:48,0,155.193.140.29,100,412,1,11/21/22 13:48,R_21p9rV5jEMq8kr6,,,,,32.9103,-96.7283,anonymous,EN,13.317,22.887,24.281,3,31.238,40.989,41.501,3,9,,,2,12.08,15.796,16.638,3,,2,,,6,5,6.474,16.747,18,4,6,6,5,6,1,6,5,5,27,9,,3,6,administrative,6,2,1,,2,,2,,8943363,high,1,high,1,Mturk,1
98,11/21/22 13:41,11/21/22 13:51,0,74.122.56.221,100,565,1,11/21/22 13:51,R_3Kx6YS5fe3k2xhZ,,,,,39.0469,-77.4903,anonymous,EN,11.614,36.235,37.122,3,24.148,55.353,56.114,3,,8,,2,,,,,,,,,6,5,6.037,9.012,10.936,4,5,6,4,6,1,6,5,4,34,9,,3,8,Psychology,7,2,1,,2,,2,,5189828,low,0,high,1,Mturk,1
99,11/21/22 13:49,11/21/22 13:51,0,50.5.16.61,100,114,1,11/21/22 13:51,R_2rJv8GM1oXXbg1R,,,,,39.336,-84.3126,anonymous,EN,0,0,19.707,0,0,0,10.958,0,2,,,2,,,,,,,,,7,7,5.866,8.258,10.088,5,5,5,7,6,2,1,4,4,27,10,,3,8,engneer,1,3,1,,2,,2,,5291200,high,1,high,1,Mturk,1
100,11/21/22 13:49,11/21/22 13:52,0,23.135.40.23,100,139,1,11/21/22 13:52,R_UxVyarE7Mdz9zSp,,,,,37.751,-97.822,anonymous,EN,4.299,6.208,19.406,3,3.169,4.43,11.567,3,2,,,2,,,,,,,,,5,5,1.627,2.736,7.518,2,5,5,5,4,1,5,5,5,40,9,,4,11,Sales,7,1,1,,2,,2,,6253641,high,1,high,1,Mturk,1
101,11/21/22 13:48,11/21/22 13:53,0,107.180.135.112,100,302,1,11/21/22 13:53,R_2Bg4MCgwIUCSA1g,,,,,39.0469,-77.4903,anonymous,EN,0,0,16.138,0,0,0,13.057,0,,8,,2,,,,,,,,,6,7,5.042,11.813,13.811,3,5,6,4,6,1,6,5,5,60,9,,3,8,Phycology,6,2,1,,2,,2,,9988364,low,0,high,1,Mturk,1
104,11/21/22 13:53,11/21/22 13:57,0,67.245.33.131,100,236,1,11/21/22 13:57,R_2Y5J2u38ZAUr8lG,,,,,40.7429,-73.9392,anonymous,EN,0,0,17.849,0,11.395,11.395,11.817,1,,8,,2,,,,,,,,,7,7,22.528,27.85,28.651,8,6,6,1,6,2,6,6,4,27,14,Latino,2,5,Financial analyst,2,2,1,,2,,2,,8135156,low,0,high,1,Mturk,1
105,11/21/22 13:56,11/21/22 13:59,0,24.51.151.39,100,155,1,11/21/22 13:59,R_1CJzPVoIx2kwuin,,,,,41.7762,-77.9567,anonymous,EN,0,0,23.75,0,0,0,11.493,0,2,,,2,,,,,,,,,6,6,6.233,8.631,9.569,2,4,5,6,5,2,2,4,4,34,9,,1,1,Unemployed,1,3,1,,2,,2,,3780064,high,1,high,1,Mturk,1
106,11/21/22 13:57,11/21/22 13:59,0,38.76.65.32,100,116,1,11/21/22 13:59,R_2XigHovPLdZDT4n,,,,,40.8123,-73.9682,anonymous,EN,1.944,5.785,11.837,8,1.308,8.154,12.769,2,,8,,2,,,,,,,,,6,7,1.912,4.416,6.495,4,5,6,3,4,1,5,4,4,23,9,,4,11,IT Manager,2,2,1,,2,,2,,273361,low,0,high,1,Mturk,1
111,11/21/22 13:59,11/21/22 14:01,0,68.7.72.202,100,125,1,11/21/22 14:01,R_2sTqjuHVW0FvNjs,,,,,33.1165,-117.1846,anonymous,EN,3.485,10.29,26.344,2,5.904,8.764,11.819,2,,8,1,,,,,,,,,,7,7,8.535,9.282,10.242,2,5,5,1,1,2,5,1,4,38,14,latino,1,4,nursing assistant,1,2,1,,2,,2,,3085794,low,0,low,0,Mturk,1
113,11/21/22 13:54,11/21/22 14:05,0,202.182.71.180,100,631,1,11/21/22 14:05,R_dhcKWGFASh6Yxxv,,,,,40.7123,-74.0068,anonymous,EN,0,0,36.192,0,0,0,18.833,0,2,,,2,,,,,,,,,6,6,18.172,22.299,23.868,2,7,6,6,7,2,5,6,4,51,9,,1,10,business,5,2,1,,2,,2,,9574541,high,1,high,1,Mturk,1
118,11/21/22 14:21,11/21/22 14:23,0,208.196.125.63,100,102,1,11/21/22 14:23,R_1OOUhe1VQ0SGkww,,,,,30.3122,-81.7243,anonymous,EN,0,0,13.534,0,0,0,12.1,0,2,,,2,,,,,,,,,5,5,2.126,2.877,6.937,2,6,4,5,4,1,5,4,4,25,12,,3,6,software developer,6,1,1,,,,,,9194516,high,1,high,1,Mturk,1
121,12/2/22 12:47,12/2/22 12:49,0,76.27.236.118,100,127,1,12/2/22 12:49,R_12SFxUlKwr9WZ4F,,,,,44.6279,-123.0592,anonymous,EN,0,0,15.982,0,0,0,11.402,0,2,,1,,,,,,,,,,5,6,1.968,5.829,6.115,4,4,5,7,1,2,6,4,4,35,9,,3,8,IT,1,2,1,,2,,2,,4611741,high,1,low,0,CloudR,2
122,12/2/22 12:48,12/2/22 12:50,0,172.56.232.198,100,135,1,12/2/22 12:50,R_2S2f6nXrcfOA5K0,,,,,34.0251,-118.1556,anonymous,EN,0,0,11.874,0,0,0,10.788,0,2,,,2,,,,,,,,,7,7,11.192,14.015,15.138,2,7,7,7,6,2,5,6,4,45,12,,2,5,Bookkeeper,1,2,1,,2,,2,,8554582,high,1,high,1,CloudR,2
123,12/2/22 12:49,12/2/22 12:51,0,98.235.49.119,100,95,1,12/2/22 12:51,R_2wACTf4juQ6AZer,,,,,40.2744,-76.7062,anonymous,EN,1.758,1.758,13.566,1,11.06,11.06,11.564,1,,8,,2,,,,,,,,,7,7,6.602,8.385,9.074,4,7,7,1,7,2,5,3,4,50,9,,1,3,crowdsourcer,2,2,1,,2,,2,,3918723,low,0,high,1,CloudR,2
124,12/2/22 12:49,12/2/22 12:51,0,173.47.103.63,100,111,1,12/2/22 12:51,R_3lzdtUHyVZ14Nq7,,,,,33.5497,-88.4872,anonymous,EN,0,0,16.246,0,12.333,12.333,14.284,1,,8,1,,,,,,,,,,7,7,2.359,6.142,6.415,3,7,7,1,1,2,7,4,5,46,9,,3,9,supervisor,7,1,1,,2,,2,,1086056,low,0,low,0,CloudR,2
125,12/2/22 12:49,12/2/22 12:51,0,71.74.14.176,100,137,1,12/2/22 12:51,R_2QhwjQehT9AkWNx,,,,,34.7419,-77.4576,anonymous,EN,0,0,19.636,0,0,0,11.754,0,2,,,2,,,,,,,,,7,7,6.247,8.14,9.436,2,6,5,7,4,2,7,6,5,46,9,,3,7,retired teacher,1,4,1,,2,,2,,6080297,high,1,high,1,CloudR,2
126,12/2/22 12:49,12/2/22 12:52,0,71.203.29.147,100,180,1,12/2/22 12:52,R_bjiAjzKeOrhFHEZ,,,,,27.339,-82.3473,anonymous,EN,0,0,27.5,0,0,0,13.966,0,,8,1,,,,,,,,,,6,6,4.001,5.465,6.209,2,6,6,1,1,2,7,7,5,57,9,,4,12,digital product manager,2,2,1,,2,,2,,3714014,low,0,low,0,CloudR,2
127,12/2/22 12:49,12/2/22 12:53,0,24.166.122.181,100,247,1,12/2/22 12:53,R_2ZOLYFlQsdvNESP,,,,,41.5945,-84.6196,anonymous,EN,18.693,19.584,22.224,2,0,0,11.795,0,2,,1,,,,,,,,,,5,5,13.703,16.604,18.612,3,3,3,7,1,1,5,3,5,63,9,,1,2,office assistant,1,2,1,,2,,1,It's a little noisy here. Loud trains run through town all day,7144660,high,1,low,0,CloudR,2
128,12/2/22 12:50,12/2/22 12:53,0,73.55.29.189,100,196,1,12/2/22 12:53,R_2e5oNdgrzQBATpn,,,,,27.24,-82.4755,anonymous,EN,22.971,32.632,35.999,3,0,0,16.38,0,,8,1,,,,,,,,,,7,7,20.72,23.115,25.194,5,7,7,1,1,2,7,7,4,34,9,,5,11,secretary,3,2,1,,2,,2,,2111312,low,0,low,0,CloudR,2
129,12/2/22 12:50,12/2/22 12:53,0,217.180.216.127,100,146,1,12/2/22 12:53,R_Wqz312jNbkmyzVn,,,,,42.9656,-85.65,anonymous,EN,2.684,52.162,52.78,8,2.587,2.774,18.601,2,2,,,2,,,,,,,,,7,7,11.436,16.4,17.083,4,6,6,7,7,2,5,5,5,34,9,,3,11,office manager,1,2,1,,2,,2,,9181148,high,1,high,1,CloudR,2
130,12/2/22 12:50,12/2/22 12:53,0,75.166.234.167,100,187,1,12/2/22 12:53,R_SGKRFxLaZ5Lxjfb,,,,,39.696,-105.0346,anonymous,EN,0,0,41.09,0,0,0,18.442,0,,8,,2,,,,,,,,,7,7,3.579,6.737,8.566,2,7,7,1,7,2,6,5,4,52,9,,1,1,self employed,2,2,1,,2,,2,,8826266,low,0,high,1,CloudR,2
131,12/2/22 12:51,12/2/22 12:53,0,73.53.159.133,100,112,1,12/2/22 12:53,R_2BfCXlXaPP5HWzD,,,,,30.3511,-81.506,anonymous,EN,1.746,8.89,20.965,2,3.806,11.49,11.815,3,2,,,2,,,,,,,,,7,7,5.358,6.12,7.108,2,4,4,7,4,2,7,4,4,46,9,,3,8,project manager,2,3,1,,2,,2,,2311768,high,1,high,1,CloudR,2
132,12/2/22 12:49,12/2/22 12:54,0,108.18.98.66,100,302,1,12/2/22 12:54,R_1N3nXmSagtTTa6Z,,,,,38.8976,-77.5109,anonymous,EN,0,0,42.74,0,0,0,68.106,0,,8,,2,,,,,,,,,4,5,19.377,23.66,31.106,4,5,5,4,5,2,5,6,4,42,12,,3,11,Software Developer,5,1,1,,2,,2,,3320652,low,0,high,1,CloudR,2
133,12/2/22 12:51,12/2/22 12:54,0,12.233.2.1,100,166,1,12/2/22 12:54,R_247CuUrRDHvPA7s,,,,,41.3164,-88.5994,anonymous,EN,0,0,21.474,0,9.869,9.869,11.708,1,2,,,2,,,,,,,,,6,6,3.641,3.641,5.702,1,2,2,7,5,2,2,2,5,50,9,,3,7,freelancer,7,1,1,no breaks,2,none,2,no distractions,4839765,high,1,high,1,CloudR,2
134,12/2/22 12:53,12/2/22 12:55,0,73.95.95.118,100,122,1,12/2/22 12:55,R_1db6f3eae7Fbehu,,,,,39.6667,-105.0854,anonymous,EN,1.427,10.284,16.909,2,1.479,9.748,12.51,4,2,,1,,,,,,,,,,7,7,1.09,8.138,9.296,3,6,6,7,1,2,4,7,5,61,9,,2,6,freelancer/independent contractor,6,3,1,,2,,2,,7868844,high,1,low,0,CloudR,2
135,12/2/22 12:53,12/2/22 12:55,0,50.250.19.205,100,100,1,12/2/22 12:55,R_25QvCOy262VQJZu,,,,,42.3427,-71.0922,anonymous,EN,0.273,14.545,18.32,6,6.045,6.246,19.326,2,,8,,2,,,,,,,,,7,7,3.799,8.437,8.925,4,7,7,3,7,2,5,3,4,32,9,,3,10,Grant Writer,1,4,1,,2,,2,,241200,low,0,high,1,CloudR,2
136,12/2/22 12:53,12/2/22 12:56,0,67.160.114.168,100,182,1,12/2/22 12:56,R_2CIA3KSvAuuwbDL,,,,,47.6348,-122.3451,anonymous,EN,3.309,11.469,25.3,3,3.158,15.71,16.101,3,,8,1,,,,,,,,,,6,6,5.926,7.086,8.079,2,6,6,1,1,2,6,4,4,41,12,,2,4,Office Clerk,3,2,1,,2,none,2,,8232593,low,0,low,0,CloudR,2
137,12/2/22 12:54,12/2/22 12:56,0,98.25.133.145,100,129,1,12/2/22 12:56,R_2VxOn9IACQgWThX,,,,,32.9758,-80.1869,anonymous,EN,0,0,12.133,0,0,0,11.154,0,2,,,2,,,,,,,,,7,7,6.111,10.207,11.101,3,6,7,4,5,2,6,7,4,44,9,,1,1,amazon turker,6,3,1,,2,,2,,5882054,high,1,high,1,CloudR,2
138,12/2/22 12:54,12/2/22 12:56,0,73.101.168.191,100,118,1,12/2/22 12:56,R_2vcvyn3cy0f2rGa,,,,,39.9697,-76.1929,anonymous,EN,0,0,21.123,0,0,0,10.968,0,,8,,2,,,,,,,,,7,7,3.991,6.271,7.7,3,6,6,2,5,2,5,3,5,34,9,,2,9,welfare caseworker,2,3,1,,2,,2,,3795073,low,0,high,1,CloudR,2
139,12/2/22 12:53,12/2/22 12:56,0,216.245.106.73,100,204,1,12/2/22 12:56,R_798Sk366J6cpzPz,,,,,34.511,-89.9187,anonymous,EN,0,0,115.928,0,0,0,11.098,0,,8,1,,,,,,,,,,7,7,4.501,5.34,6.248,3,5,5,1,1,2,4,3,5,32,9,,1,2,self employed,4,3,1,,2,,2,,2309720,low,0,low,0,CloudR,2
140,12/2/22 12:53,12/2/22 12:56,0,24.73.139.214,100,189,1,12/2/22 12:56,R_1opDHGfvCsjXpYJ,,,,,28.3056,-81.4197,anonymous,EN,0,0,29.566,0,0,0,12.82,0,2,,1,,,,,,,,,,5,5,10.776,15.225,17.645,2,4,4,2,1,2,6,5,5,43,10,,3,4,web developer,5,3,1,,2,,2,,7697917,high,1,low,0,CloudR,2
141,12/2/22 12:54,12/2/22 12:57,0,96.249.154.38,100,174,1,12/2/22 12:57,R_3OGr97iZ0YaX2Qp,,,,,40.275,-76.8039,anonymous,EN,0,0,32.511,0,0,0,41.825,0,,8,1,,,,,,,,,,7,7,2.916,3.907,7.622,2,4,4,1,1,2,5,4,4,31,9,,2,5,baker,5,1,1,,2,,2,,2858770,low,0,low,0,CloudR,2
142,12/2/22 12:55,12/2/22 12:58,0,174.84.79.207,100,144,1,12/2/22 12:58,R_3oTmJCVuUUrwfj8,,,,,42.9468,-83.817,anonymous,EN,0,0,11.247,0,0,0,36.596,0,2,,,2,,,,,,,,,6,6,12.118,12.906,13.557,2,5,5,7,6,2,5,5,5,37,9,,3,9,Environmental technician,2,2,1,,2,,2,,9578128,high,1,high,1,CloudR,2
143,12/2/22 12:58,12/2/22 12:59,0,96.240.100.253,100,69,1,12/2/22 12:59,R_3ELOzBiS2Q3GL02,,,,,40.7467,-74.0574,anonymous,EN,18.814,18.814,19.523,1,0,0,10.493,0,,8,1,,,,,,,,,,7,7,0,0,5.575,0,7,7,1,1,2,7,1,4,33,12,,3,12,analyst,1,2,1,,2,,2,,9542008,low,0,low,0,CloudR,2
144,12/2/22 12:58,12/2/22 12:59,0,204.111.129.89,100,96,1,12/2/22 12:59,R_3pbyZzAEl5EBovM,,,,,37.3053,-79.9252,anonymous,EN,12.047,12.047,12.207,1,5.09,17.96,18.932,4,,8,1,,,,,,,,,,7,7,0,0,23.951,0,7,7,1,1,2,5,6,4,32,9,,1,3,Electronics Repair,1,2,1,,2,,2,,9791082,low,0,low,0,CloudR,2
145,12/2/22 12:57,12/2/22 13:01,0,24.8.194.137,100,193,1,12/2/22 13:01,R_w1KQvTa9PtUEGch,,,,,39.6219,-105.0864,anonymous,EN,0,0,35.317,0,0,0,19.91,0,2,,,2,,,,,,,,,6,6,8.688,12.839,14.106,4,4,4,7,3,2,4,4,5,40,9,,2,6,self employed,3,3,1,,2,,2,,4077758,high,1,high,1,CloudR,2
146,12/2/22 13:01,12/2/22 13:03,0,73.198.13.141,100,118,1,12/2/22 13:03,R_0SUKarimv0anZIZ,,,,,39.3773,-74.6123,anonymous,EN,2.912,2.912,35.779,1,0,0,12.885,0,,8,,2,,,,,,,,,6,5,3.329,4.781,7.838,2,5,5,2,4,2,6,6,4,28,9,,3,7,sales rep,3,2,1,,2,,2,,833171,low,0,high,1,CloudR,2
147,12/2/22 12:56,12/2/22 13:04,0,24.235.91.217,100,497,1,12/2/22 13:04,R_270ZeKtvqcrQR94,,,,,39.6343,-77.7337,anonymous,EN,6.366,20.339,22.239,4,15.621,15.621,40.631,1,2,,1,,,,,,,,,,6,5,13.866,17.043,19.65,3,4,4,7,1,2,6,5,4,31,9,,2,6,Help Desk Technician,2,2,1,,2,,2,,7400478,high,1,low,0,CloudR,2
148,12/2/22 13:04,12/2/22 13:07,0,67.149.145.101,100,137,1,12/2/22 13:07,R_URZTo8SfkX6HCEh,,,,,42.558,-82.998,anonymous,EN,0,0,21.381,0,0,0,12.4,0,2,,1,,,,,,,,,,5,5,5.243,7.765,8.593,2,3,3,7,1,2,2,3,4,40,9,,2,4,unemployed,2,2,1,,2,,2,,1026075,high,1,low,0,CloudR,2
149,12/2/22 13:04,12/2/22 13:07,0,173.184.8.81,100,171,1,12/2/22 13:07,R_ZJLw3PcWKg1ApMd,,,,,31.411,-95.9872,anonymous,EN,0,0,26.387,0,0,0,11.358,0,2,,,2,,,,,,,,,7,7,11.012,12.925,14.25,2,6,6,7,6,2,6,5,5,43,9,,3,9,Sales Manager,1,2,1,,2,,2,,308844,high,1,high,1,CloudR,2
150,12/2/22 13:07,12/2/22 13:09,0,73.250.52.100,100,166,1,12/2/22 13:10,R_tPxZCqxf6SOU1fX,,,,,38.9187,-75.4291,anonymous,EN,0,0,30.163,0,0,0,11.623,0,,8,,2,,,,,,,,,7,7,9.357,12.371,13.026,2,6,7,1,7,2,6,4,5,42,14,Asian and White,2,8,independent contractor,2,2,1,,2,,2,,9561611,low,0,high,1,CloudR,2
151,12/2/22 13:10,12/2/22 13:12,0,24.194.225.157,100,111,1,12/2/22 13:12,R_RVsIbKLU8RdFIJ3,,,,,43.0592,-73.7356,anonymous,EN,12.502,12.502,13.417,1,0,0,14.553,0,9,,,2,0,0,11.986,0,,2,,,7,7,1.431,6.944,7.442,6,6,6,7,6,2,5,5,5,32,9,,2,6,sales,2,2,1,,2,,2,,6717419,high,1,high,1,CloudR,2
152,12/2/22 13:11,12/2/22 13:14,0,173.171.106.99,100,165,1,12/2/22 13:14,R_2bPMr1pvrHxhYIX,,,,,28.3102,-81.6676,anonymous,EN,0,0,31.937,0,0,0,12.054,0,,8,1,,,,,,,,,,7,7,4.223,7.983,8.592,4,5,5,1,1,2,2,4,4,53,9,,1,3,Customer Service Industries,6,1,1,,2,,2,,3767179,low,0,low,0,CloudR,2
153,12/2/22 13:19,12/2/22 13:23,0,162.192.209.190,100,270,1,12/2/22 13:23,R_1eKsc1R1rENKxbl,,,,,37.1661,-93.2458,anonymous,EN,0,0,51.602,0,1.543,1.543,14.637,1,2,,1,,,,,,,,,,5,5,14.464,18.477,21.169,3,4,4,7,1,2,3,3,4,74,9,,2,5,Retired military,6,3,1,,2,,2,,6103326,high,1,low,0,CloudR,2
154,12/2/22 13:20,12/2/22 13:24,0,76.168.74.11,100,247,1,12/2/22 13:24,R_2aWaakwulelFmJP,,,,,33.9322,-118.2488,anonymous,EN,17.732,20.482,51.315,4,0,0,20.829,0,,8,1,,,,,,,,,,6,6,5.103,8.202,9.368,5,5,6,1,1,2,4,5,5,45,9,,1,5,office clerk,2,2,1,,2,,2,,8662889,low,0,low,0,CloudR,2
155,12/2/22 13:22,12/2/22 13:25,0,50.216.129.154,100,190,1,12/2/22 13:25,R_2akvwKcwB0KrJ2u,,,,,42.3737,-71.1284,anonymous,EN,39.2,39.873,42.839,2,0,0,35.728,0,2,,,2,,,,,,,,,5,5,4.116,12.184,13.241,5,6,6,7,6,2,4,3,4,69,12,,3,6,buyer,1,2,1,,2,,2,,3693491,high,1,high,1,CloudR,2
156,12/2/22 13:34,12/2/22 13:37,0,216.78.238.4,100,201,1,12/2/22 13:37,R_zYYCbTwncimclAR,,,,,33.0273,-80.1768,anonymous,EN,0,0,31.129,0,0,0,12.85,0,,8,1,,,,,,,,,,6,6,5.826,9.641,10.502,4,5,5,1,1,2,5,6,4,46,10,,3,7,technician,3,2,1,,2,,2,,4118493,low,0,low,0,CloudR,2
157,12/2/22 13:30,12/2/22 13:37,0,69.109.249.160,100,427,1,12/2/22 13:37,R_1E093cicAOPazxO,,,,,38.9421,-122.7777,anonymous,EN,49.733,56.203,61.686,3,0,0,18.522,0,,8,,2,,,,,,,,,7,7,24.681,27.683,38.559,2,6,6,2,5,2,5,5,4,75,9,,3,5,Proofreader,2,2,1,,2,,2,,6620113,low,0,high,1,CloudR,2
158,12/2/22 13:35,12/2/22 13:40,0,70.177.198.35,100,263,1,12/2/22 13:40,R_269zc1Hu7t27Pqr,,,,,36.7646,-76.3408,anonymous,EN,0,0,33.505,0,0,0,18.056,0,,8,,2,,,,,,,,,6,7,0,0,18.09,0,7,7,2,7,2,4,6,5,56,9,,3,8,Office Manager,6,1,1,,2,,2,,5183342,low,0,high,1,CloudR,2
159,12/2/22 13:40,12/2/22 13:43,0,216.164.112.118,100,213,1,12/2/22 13:43,R_1gUfJ56isHW6N8J,,,,,40.6986,-75.4834,anonymous,EN,0,0,10.557,0,0,0,13.744,0,,8,1,,,,,,,,,,5,5,3.94,14.885,15.694,5,4,5,2,1,2,5,4,4,38,9,,2,5,warehouse associate,6,1,1,,2,,2,,6242844,low,0,low,0,CloudR,2
160,12/2/22 13:39,12/2/22 13:45,0,73.21.153.218,100,345,1,12/2/22 13:45,R_3KxwFFCMbnRSsFA,,,,,29.1254,-82.0076,anonymous,EN,1.48,22.457,76.625,2,1.321,20.289,22.75,3,2,,,2,,,,,,,,,7,7,4.893,24.971,27.087,4,6,5,7,5,2,4,3,5,35,10,,3,11,Independent Contractor,2,2,1,,2,,2,,7228154,high,1,high,1,CloudR,2
161,12/2/22 13:37,12/2/22 13:46,0,172.58.227.3,100,556,1,12/2/22 13:46,R_1GE6F8vblP2EQF4,,,,,40.8731,-73.8726,anonymous,EN,0,0,209.641,0,0,0,34.268,0,2,,1,,,,,,,,,,5,6,12.413,18.02,19.123,2,5,5,7,1,2,3,5,5,69,12,,3,2,Retired/Shareholder Services,1,2,1,,2,,2,,2765847,high,1,low,0,CloudR,2
162,12/2/22 13:44,12/2/22 13:47,0,192.203.201.3,100,187,1,12/2/22 13:47,R_3dFdwfRObNPhsti,,,,,44.9548,-93.1551,anonymous,EN,0,0,59.911,0,0,0,18.494,0,,8,,2,,,,,,,,,7,7,39.074,40.562,41.251,3,7,7,1,7,2,2,3,4,61,9,,3,10,Broadcast Coordinator ,4,3,1,,2,,2,,2546684,low,0,high,1,CloudR,2
163,12/2/22 13:49,12/2/22 13:51,0,24.127.64.117,100,151,1,12/2/22 13:51,R_2anR6GsTQG0Ste5,,,,,42.5134,-83.0647,anonymous,EN,0,0,18.503,0,0,0,21.488,0,2,,,2,,,,,,,,,6,5,4.876,6.562,10.87,2,5,6,5,4,2,5,6,5,51,9,,1,3,Finance Coordinator,2,2,1,,2,,2,,3115436,high,1,high,1,CloudR,2
164,12/2/22 14:11,12/2/22 14:19,0,172.113.116.88,100,498,1,12/2/22 14:19,R_32Q1Jb00oKyIquI,,,,,33.9168,-118.3432,anonymous,EN,0,0,117.157,0,0,0,228.875,0,2,,1,,,,,,,,,,5,6,7.597,9.829,11.477,2,5,5,7,2,2,7,7,4,33,9,,1,1,unemployed,4,2,1,,2,,2,,2625380,high,1,low,0,CloudR,2
165,12/2/22 14:22,12/2/22 14:26,0,70.44.94.194,100,205,1,12/2/22 14:26,R_2co8CxmsAYZLY1J,,,,,40.6561,-75.2336,anonymous,EN,100.563,105.027,105.574,2,0,0,10.9,0,2,,,2,,,,,,,,,5,5,3.06,10.8,11.691,3,3,3,7,4,2,4,6,5,38,9,,3,9,admin assistant,2,3,1,,2,,2,,6651617,high,1,high,1,CloudR,2
166,12/2/22 14:29,12/2/22 14:32,0,173.76.204.184,100,189,1,12/2/22 14:32,R_XAmkFZRwR7uu7Bv,,,,,41.9082,-71.1031,anonymous,EN,1.103,1.103,51.682,1,0.729,11.399,12.26,3,,8,,2,,,,,,,,,7,6,1.169,12.006,12.507,7,6,6,2,6,2,6,6,5,61,9,,1,6,customer service rep,6,3,1,,2,,2,,5073485,low,0,high,1,CloudR,2
167,12/2/22 14:40,12/2/22 14:43,0,47.144.227.171,100,193,1,12/2/22 14:43,R_BRHb9gOKjtlejxT,,,,,33.5631,-117.2738,anonymous,EN,0,0,41.798,0,0,0,12.555,0,2,,1,,,,,,,,,,4,4,9.474,12.254,13.699,2,4,4,7,1,2,5,5,5,63,9,,2,3,retired,4,3,1,,2,,2,,2120372,high,1,low,0,CloudR,2
168,12/2/22 14:58,12/2/22 15:05,0,173.30.77.166,100,398,1,12/2/22 15:05,R_1IymK3zTl3zapP4,,,,,41.9504,-91.6897,anonymous,EN,49.43,56.978,60.017,2,7.451,12.588,26.888,2,,1,1,,12.666,12.666,16.703,1,8,,,,7,7,23.187,29.461,32.17,2,7,7,1,2,2,5,4,5,71,9,,2,3,retired,2,2,1,,2,,2,,3585681,low,0,low,0,CloudR,2
169,12/2/22 15:01,12/2/22 15:07,0,107.134.139.146,100,368,1,12/2/22 15:07,R_OpNdsky870BLwXv,,,,,30.1294,-95.4238,anonymous,EN,1.986,1.986,47.795,1,2.564,3.625,13.116,2,,8,1,,,,,,,,,,6,5,1.749,20.598,21.841,9,5,5,1,2,2,4,5,4,78,9,,3,7,service manager,7,1,2,Fed Ex brought a package to my door so I had a short break,2,,2,,2933675,low,0,low,0,CloudR,2
170,12/2/22 15:07,12/2/22 15:10,0,162.194.104.220,100,173,1,12/2/22 15:10,R_2rMyB8nJUZhhKs9,,,,,36.0322,-79.8588,anonymous,EN,0,0,31.146,0,0,0,13.331,0,2,,1,,,,,,,,,,4,3,8.061,11.366,12.784,2,3,3,7,1,2,4,5,5,70,9,,3,7,tutor,6,1,1,,2,,2,,5377661,high,1,low,0,CloudR,2
171,12/2/22 15:17,12/2/22 15:20,0,68.81.42.79,100,159,1,12/2/22 15:20,R_qI1gpZT3D4YYSJz,,,,,40.2684,-75.3903,anonymous,EN,0,0,37.256,0,0,0,11.738,0,2,,,2,,,,,,,,,7,7,6.477,8.149,8.937,2,7,7,7,6,2,2,6,5,63,9,,2,6,retired,2,2,1,,2,,2,,8597779,high,1,high,1,CloudR,2
172,12/2/22 15:19,12/2/22 15:22,0,35.136.195.181,100,175,1,12/2/22 15:22,R_27vfKwomWb3XXVG,,,,,28.9284,-82.4921,anonymous,EN,0,0,45.187,0,0,0,11.984,0,,8,,2,,,,,,,,,7,7,11.185,12.841,14.222,2,7,7,2,6,2,2,5,4,49,9,,1,3,retail,4,3,1,,2,,2,,492839,low,0,high,1,CloudR,2
173,12/2/22 15:32,12/2/22 15:34,0,97.106.183.230,100,144,1,12/2/22 15:34,R_DwAQd72Af8hugCJ,,,,,27.9981,-81.778,anonymous,EN,0,0,20.202,0,0,0,10.987,0,2,,,2,,,,,,,,,7,7,4.771,6.194,7.633,2,7,7,7,5,2,7,5,5,30,10,,3,4,self-employed,4,2,1,,2,,2,,7333274,high,1,high,1,CloudR,2
174,12/2/22 15:37,12/2/22 15:44,0,24.166.208.62,100,389,1,12/2/22 15:44,R_1FfBpcgtgRw4BCm,,,,,37.019,-86.4537,anonymous,EN,84.338,84.338,85.755,1,35.888,35.888,38.864,1,,1,1,,11.338,11.338,13.105,1,8,,,,7,7,12.616,20.839,21.984,6,6,6,1,1,2,1,5,5,37,9,,3,9,office worker,6,1,1,,2,,2,,6719639,low,0,low,0,CloudR,2
175,12/2/22 15:45,12/2/22 15:47,0,24.28.67.147,100,112,1,12/2/22 15:47,R_3lt7K0rSnbefmvK,,,,,30.4032,-97.753,anonymous,EN,0,0,21.326,0,11.164,11.164,11.414,1,2,,1,,,,,,,,,,7,7,3.862,4.573,5.561,2,7,7,7,1,2,6,3,4,32,9,,3,10,Business Analyst,2,2,1,,2,,2,,5689436,high,1,low,0,CloudR,2
176,12/2/22 15:49,12/2/22 15:52,0,76.120.247.41,100,187,1,12/2/22 15:52,R_dmXRMysQkNNCUsp,,,,,37.2128,-77.477,anonymous,EN,1.664,1.664,38.901,1,0,0,26.877,0,,8,,2,,,,,,,,,5,6,2.281,17.931,18.606,5,4,4,3,4,2,1,3,5,51,10,,1,3,na,2,2,1,na,2,na,2,na,5365375,low,0,high,1,CloudR,2
177,12/2/22 15:50,12/2/22 15:59,0,75.129.51.101,100,524,1,12/2/22 15:59,R_6eSJs85lrIXWZkl,,,,,43.9536,-90.8101,anonymous,EN,14.058,14.276,15.198,2,1.504,4.304,10.914,3,2,,1,,,,,,,,,,3,3,3.497,6.859,7.094,5,4,4,2,1,2,5,4,4,31,9,,1,5,retail manager,2,2,1,,2,,2,,8785412,high,1,low,0,CloudR,2
178,12/2/22 16:23,12/2/22 16:27,0,104.57.25.182,100,217,1,12/2/22 16:27,R_2X4o6WA26VuhlOQ,,,,,35.5597,-78.2622,anonymous,EN,5.909,7.121,19.201,2,2.728,2.728,11.393,1,2,,,2,,,,,,,,,5,6,5.494,11.759,17.202,5,4,5,5,5,2,4,4,4,30,9,,3,4,Sales,4,3,1,,2,,2,,6700643,high,1,high,1,CloudR,2
180,12/2/22 17:01,12/2/22 17:04,0,47.147.169.114,100,154,1,12/2/22 17:04,R_2tij89R3nlOmcgr,,,,,34.0264,-117.936,anonymous,EN,0,0,13.077,0,0,0,31.373,0,,2,1,,11.955,11.955,12.353,1,8,,,,6,6,4.745,5.793,6.303,2,6,6,4,2,2,4,4,5,36,12,,1,4,customer service rep,,3,1,,2,,2,,4651132,low,0,low,0,CloudR,2
182,12/2/22 17:10,12/2/22 17:13,0,68.255.254.9,100,199,1,12/2/22 17:13,R_2QupXvkJFbjT4KD,,,,,41.3154,-81.6215,anonymous,EN,0,0,27.705,0,0,0,12.702,0,2,,1,,,,,,,,,,7,7,10.898,11.862,13.187,2,4,4,7,1,2,5,5,5,50,9,,3,4,office work,4,3,1,,2,,2,,4533840,high,1,low,0,CloudR,2
183,12/2/22 18:12,12/2/22 18:17,0,75.129.208.109,100,289,1,12/2/22 18:17,R_3GozDEERSceJVI2,,,,,45.3576,-84.9088,anonymous,EN,0,0,150.277,0,0,0,12.434,0,,8,,2,,,,,,,,,7,7,7.754,10.257,10.99,2,7,7,1,6,1,5,5,4,58,9,,1,2,retail,3,2,1,,2,,2,,5840253,low,0,high,1,CloudR,2
184,12/2/22 18:18,12/2/22 18:22,0,155.186.98.219,100,215,1,12/2/22 18:22,R_A5Jwtpe7bs1pY6l,,,,,34.2423,-117.2748,anonymous,EN,29.59,36.841,62.73,3,6.942,7.584,12.824,4,2,,,2,,,,,,,,,7,7,4.273,6.665,7.314,2,6,6,5,5,2,5,4,5,34,9,,1,4,Hospitality supervisor,2,2,1,,2,,2,,7246510,high,1,high,1,CloudR,2
185,12/2/22 18:33,12/2/22 18:41,0,73.41.214.126,100,474,1,12/2/22 18:41,R_1rxmJBKoxE5SD81,,,,,36.7539,-119.7085,anonymous,EN,37.025,37.025,44.441,1,0,0,15.162,0,,8,1,,,,,,,,,,6,6,4.801,6.028,16.385,2,6,6,2,1,2,4,5,4,59,12,,2,2,engineer,4,3,1,,2,"No technical problems but I noticed you misspelled ""very small"" as ""very smalll""",2,,811711,low,0,low,0,CloudR,2
186,12/2/22 19:20,12/2/22 19:24,0,70.95.73.142,100,258,1,12/2/22 19:24,R_2SdlZQW0pnVjTcE,,,,,32.9511,-117.2241,anonymous,EN,1.313,11.134,21.995,4,6.297,9.92,13.626,2,2,,,2,,,,,,,,,7,7,3.814,7.785,8.442,3,7,7,7,6,2,5,4,4,44,9,,4,12,Field Service Engineer,2,2,1,,2,,2,,407644,high,1,high,1,CloudR,2
187,12/2/22 20:04,12/2/22 20:09,0,35.129.169.87,100,294,1,12/2/22 20:09,R_2CZCRUr0lZtMys4,,,,,33.5637,-84.2112,anonymous,EN,0,0,44.517,0,0,0,19.791,0,2,,1,,,,,,,,,,6,6,19.711,23.152,24.173,3,4,4,7,1,2,5,5,5,59,9,,3,10,Retired transportation manager,6,1,1,,2,,1,my granddaughter asked me if I wanted a snack of crackers and cheese.,8173445,high,1,low,0,CloudR,2
188,12/2/22 20:25,12/2/22 20:29,0,104.63.226.6,100,232,1,12/2/22 20:29,R_3HOBS0Mt4ivK5fE,,,,,39.4987,-119.8202,anonymous,EN,0,0,43.7,0,0,0,12.112,0,,8,1,,,,,,,,,,6,6,22.995,25.956,28.301,2,5,4,1,1,2,2,4,5,59,9,,3,7,not currently employed,3,3,1,,2,,2,,4181155,low,0,low,0,CloudR,2
189,12/2/22 23:13,12/2/22 23:17,0,174.210.234.142,100,221,1,12/2/22 23:17,R_2zSahIVjgB0d9CO,,,,,42.3914,-83.1493,anonymous,EN,0,0,56.893,0,0,0,14.633,0,,8,1,,,,,,,,,,6,6,6.475,9.815,12.97,2,4,4,2,2,2,6,4,4,40,9,,1,1,Data Entry,4,4,1,,2,,2,,1043315,low,0,low,0,CloudR,2
190,12/2/22 23:31,12/2/22 23:34,0,71.187.29.181,100,219,1,12/2/22 23:35,R_1QbeO3gooK9crxU,,,,,40.6357,-74.2527,anonymous,EN,0,0,39.181,0,0,0,13.547,0,2,,1,,,,,,,,,,6,6,9.554,12.635,14.992,2,4,4,7,1,2,4,6,5,59,10,,3,9,Supervisor,2,3,1,,2,,2,,7025157,high,1,low,0,CloudR,2
191,12/3/22 0:09,12/3/22 0:14,0,23.125.192.243,100,261,1,12/3/22 0:14,R_10wkKImGzxeotWJ,,,,,35.4875,-80.9876,anonymous,EN,8.313,10.702,99.734,2,0,0,13.158,0,,8,,2,,,,,,,,,7,6,12.367,14.386,15.175,2,6,6,3,5,2,5,4,4,48,9,,2,4,manufacturing,4,3,1,didn't take a break,2,none,2,not distracted,6176077,low,0,high,1,CloudR,2
192,12/3/22 0:16,12/3/22 0:19,0,75.73.176.39,100,158,1,12/3/22 0:19,R_2b43YWyz7Vqthji,,,,,45.0782,-93.1894,anonymous,EN,0,0,24.3,0,0,0,11.121,0,2,,,2,,,,,,,,,7,7,7.633,8.769,9.46,2,4,4,7,5,2,7,5,5,50,9,,2,6,Administrator,2,2,1,,2,,2,,7190776,high,1,high,1,CloudR,2
193,12/3/22 0:19,12/3/22 0:23,0,70.185.6.178,100,224,1,12/3/22 0:23,R_1rHVtIVAjcP0lDe,,,,,36.0383,-115.1446,anonymous,EN,0,0,44.887,0,0,0,22.667,0,,8,1,,,,,,,,,,7,7,6.328,11.288,14.081,3,4,4,1,1,2,4,5,4,50,12,,3,6,Information Services Supervisor,5,1,1,,2,,2,,4780154,low,0,low,0,CloudR,2
194,12/3/22 4:15,12/3/22 4:19,0,76.217.241.48,100,246,1,12/3/22 4:19,R_1NDq4iIWJQrshDT,,,,,39.671,-84.1122,anonymous,EN,0,0,63.309,0,0,0,19.806,0,,8,,2,,,,,,,,,6,6,11.024,14.463,15.97,2,6,5,1,5,2,3,4,5,51,9,,3,11,homemaker,6,1,1,,2,,2,,729098,low,0,high,1,CloudR,2
195,12/3/22 5:46,12/3/22 5:50,0,173.87.231.97,100,209,1,12/3/22 5:50,R_1go8yEPi47hZr4Z,,,,,43.9876,-89.8198,anonymous,EN,0,0,33.487,0,0,0,32.739,0,9,,1,,0,0,28.58,0,,2,,,3,3,6.82,8.602,10.051,2,3,3,6,2,2,5,5,5,65,9,,3,5,retired,4,3,1,,2,,2,,5646297,high,1,low,0,CloudR,2
196,12/3/22 6:01,12/3/22 6:04,0,108.32.54.210,100,181,1,12/3/22 6:04,R_2abljbSMbUF8TCr,,,,,40.3926,-79.9052,anonymous,EN,0,0,29.111,0,0,0,17.303,0,2,,1,,,,,,,,,,5,5,8.487,11.408,16.089,3,5,5,6,1,2,4,5,5,62,9,,3,5,self-employed mturk,4,3,1,,2,,2,,8338466,high,1,low,0,CloudR,2
197,12/3/22 6:52,12/3/22 6:54,0,98.180.53.35,100,144,1,12/3/22 6:54,R_396rELfcKK1EFSV,,,,,29.6138,-82.386,anonymous,EN,0,0,26.469,0,0,0,11.67,0,,8,,2,,,,,,,,,7,7,4.832,7.108,7.962,2,5,5,2,4,2,2,5,4,61,9,,1,3,delivery driver,2,2,1,,2,,2,,3871878,low,0,high,1,CloudR,2
198,12/3/22 7:48,12/3/22 7:55,0,73.167.48.147,100,395,1,12/3/22 7:55,R_1IFvOVQ6mC0HM62,,,,,42.8575,-72.594,anonymous,EN,78.128,78.128,89.716,1,35.912,35.912,61.56,1,,8,1,,,,,,,,,,6,6,14.153,22.526,23.893,3,4,4,1,1,2,1,4,5,73,9,,3,2,retired,5,3,1,,2,,1,received a text message and glanced at it ,8306117,low,0,low,0,CloudR,2
199,12/3/22 8:17,12/3/22 8:20,0,73.139.155.77,100,165,1,12/3/22 8:20,R_2720oRgrTFIoyb2,,,,,26.1522,-80.3153,anonymous,EN,0,0,27.677,0,0,0,11.48,0,2,,,2,,,,,,,,,6,6,11.122,30.524,31.333,3,6,6,6,6,2,3,5,5,53,9,,3,11,Lead Legal asst,4,1,1,,2,,2,,5801893,high,1,high,1,CloudR,2
200,12/3/22 8:28,12/3/22 8:30,0,47.26.200.141,100,131,1,12/3/22 8:30,R_24I7B8LL8zNPt3H,,,,,46.4151,-84.2854,anonymous,EN,12.376,12.376,22.144,1,0,0,24.871,0,,8,,2,,,,,,,,,7,7,2.874,3.884,6.506,2,4,4,2,6,2,3,4,5,38,9,,1,3,clerk,5,3,1,,2,,2,,7300326,low,0,high,1,CloudR,2
201,12/3/22 11:22,12/3/22 11:42,0,65.186.221.183,100,1193,1,12/3/22 11:42,R_x2QIRhHvsyiOs9j,,,,,40.2459,-83.3603,anonymous,EN,0,0,573.333,0,0,0,44.908,0,2,,,2,,,,,,,,,7,7,13.391,14.399,14.909,2,6,6,2,3,2,3,4,4,38,9,,3,6,Medical Technologist,5,1,1,,2,,2,,4365926,high,1,high,1,CloudR,2
202,12/3/22 13:12,12/3/22 13:17,0,73.18.147.13,100,330,1,12/3/22 13:17,R_3CBk1PJ0ioc86sy,,,,,42.3663,-82.9987,anonymous,EN,3.735,5.662,13.924,2,13.701,13.701,16.569,1,,8,1,,,,,,,,,,7,7,24.342,27.406,30.966,5,4,4,1,1,2,7,7,5,36,10,,1,4,Evaluator,1,2,1,,2,,2,,9929166,low,0,low,0,CloudR,2
203,12/3/22 13:41,12/3/22 13:45,0,73.153.11.26,100,204,1,12/3/22 13:45,R_3HUfl9A4GAVwD9Y,,,,,39.8294,-104.9095,anonymous,EN,5.815,32.535,35.884,4,15.097,18.569,26.012,3,2,,1,,,,,,,,,,4,4,7.345,9.181,10.454,2,3,3,6,2,2,6,6,5,54,9,,3,8,realtor,3,3,1,,2,,2,,113559,high,1,low,0,CloudR,2
204,12/3/22 16:07,12/3/22 16:10,0,174.64.189.119,100,203,1,12/3/22 16:10,R_1OP7NEJJORitmt3,,,,,30.0053,-91.8226,anonymous,EN,0,0,33.061,0,0,0,15.286,0,2,,,8,0,0,16.866,0,,,,2,6,6,12.346,19.531,20.202,4,5,6,7,6,2,1,5,4,38,9,,3,2,farmer,3,2,1,none,2,none,2,none,208732,high,1,high,1,CloudR,2
205,12/4/22 0:56,12/4/22 1:00,0,69.180.59.151,100,240,1,12/4/22 1:00,R_1g7LTHAauKWfEQj,,,,,33.5492,-84.3938,anonymous,EN,0,0,46.404,0,0,0,14.275,0,2,,1,,,,,,,,,,7,7,18.935,38.694,41.137,2,4,4,7,1,2,4,4,5,42,9,,1,5,freelancer,2,2,1,,2,,2,,9285486,high,1,low,0,CloudR,2
206,12/4/22 8:29,12/4/22 8:32,0,104.58.145.92,100,181,1,12/4/22 8:32,R_1gndw1TwB2zdQTM,,,,,30.6483,-88.2297,anonymous,EN,0,0,28.124,0,0,0,30.828,0,,8,1,,,,,,,,,,7,7,9.182,10.621,11.571,2,4,4,1,1,2,5,6,4,52,9,,4,12,Payroll Director,5,3,1,,2,,2,,8111128,low,0,low,0,CloudR,2
207,12/4/22 10:23,12/4/22 10:26,0,76.100.46.76,100,188,1,12/4/22 10:26,R_1CE1WsC3A4a80G2,,,,,39.4114,-77.2823,anonymous,EN,0,0,28.745,0,0,0,11.673,0,,8,,2,,,,,,,,,7,7,15.802,17.668,18.533,2,7,7,1,6,2,2,3,5,59,9,,3,11,Associate,5,3,1,,2,,2,,7514817,low,0,high,1,CloudR,2
208,12/4/22 11:06,12/4/22 11:08,0,153.33.79.64,100,141,1,12/4/22 11:08,R_wRcGrAwjuXKt7MJ,,,,,40.0264,-88.5612,anonymous,EN,0,0,26.192,0,0,0,10.842,0,2,,,2,,,,,,,,,7,7,12.549,15.894,16.571,5,4,4,7,6,2,3,4,4,43,9,,4,12,,,2,1,,2,,2,,5105725,high,1,high,1,CloudR,2
209,12/4/22 16:14,12/4/22 16:17,0,73.217.238.46,100,146,1,12/4/22 16:17,R_4MBqOFZz0rMArtf,,,,,39.0169,-94.2611,anonymous,EN,0,0,24.158,0,0,0,13.139,0,2,,1,,,,,,,,,,6,6,6.603,8.348,9.485,2,5,6,7,1,2,5,6,5,55,9,,3,11,Teacher,1,2,1,,2,,2,,7053421,high,1,low,0,CloudR,2
210,12/4/22 18:18,12/4/22 18:25,0,67.248.157.116,100,377,1,12/4/22 18:25,R_3HAZlQuDCK4GaV5,,,,,43.3238,-73.6772,anonymous,EN,0,0,41.685,0,0,0,244.383,0,,8,,2,,,,,,,,,7,7,0.582,6.804,8.211,3,6,6,2,7,2,7,7,5,41,9,,3,10,Senior Data Analyst,2,2,1,,2,,2,,1777080,low,0,high,1,CloudR,2
211,12/4/22 19:58,12/4/22 20:01,0,75.168.83.222,100,187,1,12/4/22 20:01,R_2rIUumXaQrO8A4a,,,,,44.8769,-93.2535,anonymous,EN,0,0,52.841,0,0,0,11.635,0,2,,,2,,,,,,,,,7,7,0,0,7.411,0,6,6,7,3,2,3,2,4,35,9,,3,9,Sales,3,3,1,,2,,2,,883572,high,1,high,1,CloudR,2
212,12/4/22 20:37,12/4/22 20:39,0,136.56.51.55,100,141,1,12/4/22 20:39,R_8BLFuSG1G614zfz,,,,,35.8332,-78.8473,anonymous,EN,2.486,5.388,28.212,4,5.697,20.505,21.727,3,,8,1,,,,,,,,,,7,7,2.176,3.086,5.83,2,6,6,1,1,1,7,3,4,36,9,,3,8,database admin,6,1,1,,2,,2,,2541657,low,0,low,0,CloudR,2
213,12/5/22 6:42,12/5/22 6:44,0,45.46.128.56,100,123,1,12/5/22 6:44,R_PYsLKqdJhOSxs9b,,,,,43.1139,-79.0425,anonymous,EN,1.819,6.326,20.029,2,2.712,8.001,11.432,2,,8,,2,,,,,,,,,5,5,3.058,8.54,9.314,5,4,4,1,5,2,5,2,4,48,9,,1,1,Design/Marketing,4,3,1,,2,,2,,7256596,low,0,high,1,CloudR,2
214,12/5/22 6:43,12/5/22 6:45,0,71.28.183.170,100,121,1,12/5/22 6:45,R_2wH4tekDG5Imf17,,,,,34.4512,-84.153,anonymous,EN,0,0,11.475,0,0,0,11.52,0,2,,1,,,,,,,,,,7,7,2.605,4.173,6.586,2,4,4,7,1,2,5,5,4,39,9,,2,9,manager,7,1,1,,2,,2,,8350837,high,1,low,0,CloudR,2
215,12/5/22 8:15,12/5/22 8:17,0,99.36.20.97,100,90,1,12/5/22 8:17,R_3PY0knIEyUGWCHY,,,,,34.0782,-84.6485,anonymous,EN,0,0,12.612,0,10.766,10.766,11.023,1,2,,,2,,,,,,,,,7,7,3.579,4.785,9.897,2,5,6,7,7,2,7,7,5,32,9,,2,8,self employed,2,2,1,,2,,2,,8021951,high,1,high,1,CloudR,2
216,12/5/22 11:19,12/5/22 11:23,0,204.195.89.38,100,236,1,12/5/22 11:23,R_3fip34fN6miXGkP,,,,,44.6479,-124.0507,anonymous,EN,0,0,36.698,0,0,0,13.684,0,,8,1,,,,,,,,,,7,6,16.402,20.144,20.917,2,5,6,2,1,2,6,3,4,65,9,,3,6,retired,4,4,1,,2,,2,,2235863,low,0,low,0,CloudR,2
217,12/5/22 14:32,12/5/22 14:34,0,63.150.197.50,100,134,1,12/5/22 14:34,R_C2Awe7HQ50X9SsV,,,,,36.6694,-93.2449,anonymous,EN,1.777,11.321,12.367,5,7.079,7.407,14.952,2,,8,,2,,,,,,,,,6,7,10.819,11.702,12.381,2,5,6,2,2,2,6,4,4,34,9,,1,3,Programmer,7,1,1,,2,,2,,1887002,low,0,high,1,CloudR,2
218,12/5/22 17:33,12/5/22 17:37,0,24.171.94.62,100,260,1,12/5/22 17:37,R_aV7Wpxfblz8acEh,,,,,39.0012,-90.9624,anonymous,EN,0,0,31.368,0,0,0,53.844,0,2,,,2,,,,,,,,,6,6,32.341,34.065,34.359,5,5,5,7,5,2,5,5,5,34,9,,2,4,Factory Worker,2,2,1,,2,,2,,1972569,high,1,high,1,CloudR,2
219,12/5/22 21:10,12/5/22 21:13,0,134.56.250.47,100,156,1,12/5/22 21:13,R_SCeFonCbeoyoSlP,,,,,25.992,-80.2702,anonymous,EN,0,0,27.636,0,12.029,12.624,13.061,2,,8,1,,,,,,,,,,7,7,2.798,6.78,7.4,5,6,7,2,1,2,6,7,5,37,10,,2,9,analyst,2,2,1,,2,,2,,7775075,low,0,low,0,CloudR,2
220,12/5/22 21:10,12/5/22 21:18,0,76.219.215.62,100,469,1,12/5/22 21:18,R_3fl9r8BEsJabhKQ,,,,,33.672,-117.7402,anonymous,EN,0,0,96.973,0,0,0,23.468,0,2,,1,,,,,,,,,,6,7,7.735,31.839,33.756,3,6,6,4,1,2,6,7,4,52,12,,3,6,Freelancer,3,3,1,,2,,2,,8453921,high,1,low,0,CloudR,2
221,12/6/22 0:39,12/6/22 0:44,0,68.37.255.84,100,288,1,12/6/22 0:44,R_3oYmXxQx7QQMPL1,,,,,42.1955,-83.4894,anonymous,EN,0,0,65.396,0,0,0,51.833,0,2,,,2,,,,,,,,,7,7,9.227,11.288,24.137,2,7,7,7,7,2,2,4,5,73,9,,3,10,retired,6,1,1,,2,,2,,6639923,high,1,high,1,CloudR,2
222,12/6/22 11:16,12/6/22 11:21,0,47.135.21.246,100,285,1,12/6/22 11:21,R_2rPhHodvWeV8LW4,,,,,35.7532,-81.3264,anonymous,EN,5.354,10.11,61.753,3,11.527,13.415,18.091,2,,8,1,,,,,,,,,,6,6,17.982,20.495,31.837,3,6,6,2,1,2,5,5,5,58,9,,3,9,content moderator,6,1,1,,2,,2,,2394969,low,0,low,0,CloudR,2